fold_id,threshold,accuracy,balanced_accuracy,macro_precision,macro_recall,macro_f1,weighted_f1,class_-1_precision,class_-1_recall,class_-1_f1,class_0_precision,class_0_recall,class_0_f1,class_1_precision,class_1_recall,class_1_f1,true_down_rate,true_neutral_rate,true_up_rate,pred_down_rate,pred_neutral_rate,pred_up_rate,train_size,test_size,train_start,train_end,test_start,test_end,model,total_return,annual_return,annual_volatility,sharpe,max_drawdown,trades,turnover,avg_position,exposure_rate,no_trade_rate
0,0.0005,0.4762,0.3333,0.1587,0.3333,0.2151,0.3072,0.0,0.0,0.0,0.0,0.0,0.0,0.4762,1.0,0.6452,0.3571,0.1667,0.4762,0.0,0.0,1.0,500,126,2015-03-30,2017-03-22,2017-03-23,2017-09-20,DummyMostFrequent,0.0756,0.1484,0.0725,2.0467,-0.0208,1,0.0079,1.0,1.0,0.0
0,0.0005,0.4524,0.3733,0.3552,0.3733,0.358,0.4319,0.4464,0.5556,0.495,0.1111,0.0476,0.0667,0.5082,0.5167,0.5124,0.3571,0.1667,0.4762,0.4444,0.0714,0.4841,500,126,2015-03-30,2017-03-22,2017-03-23,2017-09-20,DummyStratified,-0.0181,-0.035,0.0563,-0.6218,-0.0401,63,0.5,0.4841,0.4841,0.5159
0,0.0005,0.4762,0.3333,0.1587,0.3333,0.2151,0.3072,0.0,0.0,0.0,0.0,0.0,0.0,0.4762,1.0,0.6452,0.3571,0.1667,0.4762,0.0,0.0,1.0,500,126,2015-03-30,2017-03-22,2017-03-23,2017-09-20,LogisticRegression,0.0756,0.1484,0.0725,2.0467,-0.0208,1,0.0079,1.0,1.0,0.0
0,0.0005,0.3968,0.337,0.2879,0.337,0.2854,0.3504,0.3636,0.7111,0.4812,0.0,0.0,0.0,0.5,0.3,0.375,0.3571,0.1667,0.4762,0.6984,0.0159,0.2857,500,126,2015-03-30,2017-03-22,2017-03-23,2017-09-20,RandomForestClassifier,0.009,0.0187,0.0412,0.4544,-0.0162,41,0.3254,0.2857,0.2857,0.7143
0,0.0005,0.3889,0.3407,0.3079,0.3407,0.2632,0.3173,0.3524,0.8222,0.4933,0.0,0.0,0.0,0.5714,0.2,0.2963,0.3571,0.1667,0.4762,0.8333,0.0,0.1667,500,126,2015-03-30,2017-03-22,2017-03-23,2017-09-20,GradientBoostingClassifier,0.0294,0.0584,0.0318,1.8385,-0.0124,22,0.1746,0.1667,0.1667,0.8333
1,0.0005,0.5317,0.3333,0.1772,0.3333,0.2314,0.3692,0.0,0.0,0.0,0.0,0.0,0.0,0.5317,1.0,0.6943,0.3571,0.1111,0.5317,0.0,0.0,1.0,626,126,2015-03-30,2017-09-20,2017-09-21,2018-03-22,DummyMostFrequent,0.0437,0.0948,0.1357,0.6986,-0.101,1,0.0079,1.0,1.0,0.0
1,0.0005,0.4841,0.4159,0.4247,0.4159,0.4171,0.484,0.4182,0.5111,0.46,0.2727,0.2143,0.24,0.5833,0.5224,0.5512,0.3571,0.1111,0.5317,0.4365,0.0873,0.4762,626,126,2015-03-30,2017-09-20,2017-09-21,2018-03-22,DummyStratified,0.0464,0.0953,0.0961,0.9916,-0.0489,64,0.5079,0.4762,0.4762,0.5238
1,0.0005,0.1984,0.3504,0.2354,0.3504,0.1652,0.1779,0.0,0.0,0.0,0.1154,0.8571,0.2034,0.5909,0.194,0.2921,0.3571,0.1111,0.5317,0.0,0.8254,0.1746,626,126,2015-03-30,2017-09-20,2017-09-21,2018-03-22,LogisticRegression,0.0352,0.0728,0.0853,0.8527,-0.0432,2,0.0159,0.1746,0.1746,0.8254
1,0.0005,0.373,0.2922,0.2758,0.2922,0.2724,0.3623,0.338,0.5333,0.4138,0.0,0.0,0.0,0.4894,0.3433,0.4035,0.3571,0.1111,0.5317,0.5635,0.0635,0.373,626,126,2015-03-30,2017-09-20,2017-09-21,2018-03-22,RandomForestClassifier,-0.0616,-0.1193,0.1246,-0.9571,-0.0866,19,0.1508,0.373,0.373,0.627
1,0.0005,0.2857,0.2654,0.2722,0.2654,0.2453,0.2853,0.274,0.4444,0.339,0.0909,0.1429,0.1111,0.4516,0.209,0.2857,0.3571,0.1111,0.5317,0.5794,0.1746,0.246,626,126,2015-03-30,2017-09-20,2017-09-21,2018-03-22,GradientBoostingClassifier,-0.0852,-0.1737,0.0919,-1.8896,-0.0991,39,0.3095,0.246,0.246,0.754
2,0.0005,0.5397,0.3333,0.1799,0.3333,0.2337,0.3783,0.0,0.0,0.0,0.0,0.0,0.0,0.5397,1.0,0.701,0.3889,0.0714,0.5397,0.0,0.0,1.0,752,126,2015-03-30,2018-03-22,2018-03-23,2018-09-20,DummyMostFrequent,0.1412,0.2704,0.1109,2.4382,-0.03,1,0.0079,1.0,1.0,0.0
2,0.0005,0.381,0.2714,0.2763,0.2714,0.2728,0.3866,0.3455,0.3878,0.3654,0.0,0.0,0.0,0.4833,0.4265,0.4531,0.3889,0.0714,0.5397,0.4365,0.0873,0.4762,752,126,2015-03-30,2018-03-22,2018-03-23,2018-09-20,DummyStratified,0.0204,0.0422,0.0617,0.6841,-0.0476,64,0.5079,0.4762,0.4762,0.5238
2,0.0005,0.127,0.3676,0.2208,0.3676,0.1071,0.1049,0.0,0.0,0.0,0.0789,1.0,0.1463,0.5833,0.1029,0.175,0.3889,0.0714,0.5397,0.0,0.9048,0.0952,752,126,2015-03-30,2018-03-22,2018-03-23,2018-09-20,LogisticRegression,0.0106,0.0222,0.0493,0.4508,-0.0223,2,0.0159,0.0952,0.0952,0.9048
2,0.0005,0.381,0.2864,0.3167,0.2864,0.2899,0.4103,0.303,0.2041,0.2439,0.0303,0.1111,0.0476,0.6167,0.5441,0.5781,0.3889,0.0714,0.5397,0.2619,0.2619,0.4762,752,126,2015-03-30,2018-03-22,2018-03-23,2018-09-20,RandomForestClassifier,0.0928,0.1824,0.0992,1.8392,-0.0288,28,0.2222,0.4762,0.4762,0.5238
2,0.0005,0.4841,0.3256,0.3062,0.3256,0.3122,0.4575,0.359,0.2857,0.3182,0.0,0.0,0.0,0.5595,0.6912,0.6184,0.3889,0.0714,0.5397,0.3095,0.0238,0.6667,752,126,2015-03-30,2018-03-22,2018-03-23,2018-09-20,GradientBoostingClassifier,0.0809,0.1602,0.0962,1.6656,-0.03,44,0.3492,0.6667,0.6667,0.3333
3,0.0005,0.4683,0.3333,0.1561,0.3333,0.2126,0.2987,0.0,0.0,0.0,0.0,0.0,0.0,0.4683,1.0,0.6378,0.4603,0.0714,0.4683,0.0,0.0,1.0,878,126,2015-03-30,2018-09-20,2018-09-21,2019-03-25,DummyMostFrequent,-0.0278,-0.0378,0.193,-0.1959,-0.192,1,0.0079,1.0,1.0,0.0
3,0.0005,0.4444,0.3504,0.3495,0.3504,0.3495,0.4475,0.4909,0.4655,0.4779,0.0909,0.1111,0.1,0.4667,0.4746,0.4706,0.4603,0.0714,0.4683,0.4365,0.0873,0.4762,878,126,2015-03-30,2018-09-20,2018-09-21,2019-03-25,DummyStratified,0.0092,0.0284,0.1417,0.2004,-0.0606,64,0.5079,0.4762,0.4762,0.5238
3,0.0005,0.1984,0.3306,0.2472,0.3306,0.196,0.2116,0.3333,0.1897,0.2418,0.0882,0.6667,0.1558,0.32,0.1356,0.1905,0.4603,0.0714,0.4683,0.2619,0.5397,0.1984,878,126,2015-03-30,2018-09-20,2018-09-21,2019-03-25,LogisticRegression,-0.1343,-0.2838,0.0956,-2.9691,-0.1343,8,0.0635,0.1984,0.1984,0.8016
3,0.0005,0.3651,0.2929,0.3263,0.2929,0.2987,0.3561,0.34,0.2931,0.3148,0.25,0.1111,0.1538,0.3889,0.4746,0.4275,0.4603,0.0714,0.4683,0.3968,0.0317,0.5714,878,126,2015-03-30,2018-09-20,2018-09-21,2019-03-25,RandomForestClassifier,-0.0943,-0.1836,0.1698,-1.0813,-0.1479,22,0.1746,0.5714,0.5714,0.4286
3,0.0005,0.3889,0.2786,0.2664,0.2786,0.2685,0.3744,0.3913,0.3103,0.3462,0.0,0.0,0.0,0.4079,0.5254,0.4593,0.4603,0.0714,0.4683,0.3651,0.0317,0.6032,878,126,2015-03-30,2018-09-20,2018-09-21,2019-03-25,GradientBoostingClassifier,-0.0574,-0.1045,0.1655,-0.6316,-0.1398,48,0.381,0.6032,0.6032,0.3968
4,0.0005,0.5238,0.3333,0.1746,0.3333,0.2292,0.3601,0.0,0.0,0.0,0.0,0.0,0.0,0.5238,1.0,0.6875,0.3968,0.0794,0.5238,0.0,0.0,1.0,1004,126,2015-03-30,2019-03-25,2019-03-26,2019-09-23,DummyMostFrequent,0.0619,0.1293,0.1344,0.9621,-0.0662,1,0.0079,1.0,1.0,0.0
4,0.0005,0.4762,0.4267,0.4197,0.4267,0.4222,0.4785,0.4364,0.48,0.4571,0.2727,0.3,0.2857,0.55,0.5,0.5238,0.3968,0.0794,0.5238,0.4365,0.0873,0.4762,1004,126,2015-03-30,2019-03-25,2019-03-26,2019-09-23,DummyStratified,0.068,0.1347,0.0798,1.6873,-0.0406,64,0.5079,0.4762,0.4762,0.5238
4,0.0005,0.0794,0.3333,0.0265,0.3333,0.049,0.0117,0.0,0.0,0.0,0.0794,1.0,0.1471,0.0,0.0,0.0,0.3968,0.0794,0.5238,0.0,1.0,0.0,1004,126,2015-03-30,2019-03-25,2019-03-26,2019-09-23,LogisticRegression,0.0,0.0,0.0,0.0,0.0,0,0.0,0.0,0.0,1.0
4,0.0005,0.3651,0.36,0.1738,0.36,0.2339,0.2314,0.4037,0.88,0.5535,0.1176,0.2,0.1481,0.0,0.0,0.0,0.3968,0.0794,0.5238,0.8651,0.1349,0.0,1004,126,2015-03-30,2019-03-25,2019-03-26,2019-09-23,RandomForestClassifier,0.0,0.0,0.0,0.0,0.0,0,0.0,0.0,0.0,1.0
4,0.0005,0.2698,0.2921,0.3658,0.2921,0.2385,0.2806,0.3438,0.44,0.386,0.0612,0.3,0.1017,0.6923,0.1364,0.2278,0.3968,0.0794,0.5238,0.5079,0.3889,0.1032,1004,126,2015-03-30,2019-03-25,2019-03-26,2019-09-23,GradientBoostingClassifier,0.0263,0.0523,0.029,1.8056,-0.011,16,0.127,0.1032,0.1032,0.8968
5,0.0005,0.5317,0.3333,0.1772,0.3333,0.2314,0.3692,0.0,0.0,0.0,0.0,0.0,0.0,0.5317,1.0,0.6943,0.3968,0.0714,0.5317,0.0,0.0,1.0,1130,126,2015-03-30,2019-09-23,2019-09-24,2020-03-24,DummyMostFrequent,-0.1573,-0.2709,0.3742,-0.7239,-0.3372,1,0.0079,1.0,1.0,0.0
5,0.0005,0.4921,0.3524,0.3576,0.3524,0.3541,0.498,0.4727,0.52,0.4952,0.0,0.0,0.0,0.6,0.5373,0.5669,0.3968,0.0714,0.5317,0.4365,0.0873,0.4762,1130,126,2015-03-30,2019-09-23,2019-09-24,2020-03-24,DummyStratified,0.3221,0.5885,0.2464,2.3882,-0.0535,64,0.5079,0.4762,0.4762,0.5238
5,0.0005,0.127,0.3682,0.1648,0.3682,0.1064,0.0995,0.0,0.0,0.0,0.0826,1.0,0.1525,0.4118,0.1045,0.1667,0.3968,0.0714,0.5317,0.0,0.8651,0.1349,1130,126,2015-03-30,2019-09-23,2019-09-24,2020-03-24,LogisticRegression,-0.1973,-0.3784,0.3456,-1.0948,-0.2832,1,0.0079,0.1349,0.1349,0.8651
5,0.0005,0.3651,0.3083,0.3241,0.3083,0.2921,0.3525,0.3294,0.56,0.4148,0.1429,0.1111,0.125,0.5,0.2537,0.3366,0.3968,0.0714,0.5317,0.6746,0.0556,0.2698,1130,126,2015-03-30,2019-09-23,2019-09-24,2020-03-24,RandomForestClassifier,-0.1858,-0.3455,0.3588,-0.963,-0.282,15,0.119,0.2698,0.2698,0.7302
5,0.0005,0.3968,0.3383,0.3671,0.3383,0.3114,0.3668,0.3656,0.68,0.4755,0.2,0.1111,0.1429,0.5357,0.2239,0.3158,0.3968,0.0714,0.5317,0.7381,0.0397,0.2222,1130,126,2015-03-30,2019-09-23,2019-09-24,2020-03-24,GradientBoostingClassifier,-0.104,-0.1727,0.3036,-0.5689,-0.1835,12,0.0952,0.2222,0.2222,0.7778
6,0.0005,0.6032,0.3333,0.2011,0.3333,0.2508,0.4539,0.0,0.0,0.0,0.0,0.0,0.0,0.6032,1.0,0.7525,0.3651,0.0317,0.6032,0.0,0.0,1.0,1256,126,2015-03-30,2020-03-24,2020-03-25,2020-09-22,DummyMostFrequent,0.3177,0.5882,0.2678,2.1966,-0.0944,1,0.0079,1.0,1.0,0.0
6,0.0005,0.4762,0.3261,0.3444,0.3261,0.3315,0.4961,0.4,0.4783,0.4356,0.0,0.0,0.0,0.6333,0.5,0.5588,0.3651,0.0317,0.6032,0.4365,0.0873,0.4762,1256,126,2015-03-30,2020-03-24,2020-03-25,2020-09-22,DummyStratified,0.0921,0.1882,0.1544,1.2193,-0.0627,64,0.5079,0.4762,0.4762,0.5238
6,0.0005,0.2143,0.2317,0.3134,0.2317,0.2045,0.2802,0.3871,0.2609,0.3117,0.0145,0.25,0.0274,0.5385,0.1842,0.2745,0.3651,0.0317,0.6032,0.246,0.5476,0.2063,1256,126,2015-03-30,2020-03-24,2020-03-25,2020-09-22,LogisticRegression,0.0349,0.0735,0.0992,0.7411,-0.0385,4,0.0317,0.2063,0.2063,0.7937
6,0.0005,0.4524,0.3444,0.381,0.3444,0.3174,0.4534,0.3929,0.7174,0.5077,0.0,0.0,0.0,0.75,0.3158,0.4444,0.3651,0.0317,0.6032,0.6667,0.0794,0.254,1256,126,2015-03-30,2020-03-24,2020-03-25,2020-09-22,RandomForestClassifier,0.2749,0.5,0.1674,2.9867,-0.046,36,0.2857,0.254,0.254,0.746
6,0.0005,0.4603,0.442,0.4449,0.442,0.3578,0.4357,0.4086,0.8261,0.5468,0.1,0.25,0.1429,0.8261,0.25,0.3838,0.3651,0.0317,0.6032,0.7381,0.0794,0.1825,1256,126,2015-03-30,2020-03-24,2020-03-25,2020-09-22,GradientBoostingClassifier,0.2599,0.4717,0.1387,3.4008,-0.0154,24,0.1905,0.1825,0.1825,0.8175
7,0.0005,0.5397,0.3333,0.1799,0.3333,0.2337,0.3783,0.0,0.0,0.0,0.0,0.0,0.0,0.5397,1.0,0.701,0.4127,0.0476,0.5397,0.0,0.0,1.0,1382,126,2015-03-30,2020-09-22,2020-09-23,2021-03-24,DummyMostFrequent,0.2164,0.4047,0.159,2.5447,-0.0735,1,0.0079,1.0,1.0,0.0
7,0.0005,0.4127,0.3372,0.3245,0.3372,0.3275,0.419,0.3818,0.4038,0.3925,0.1,0.1667,0.125,0.4918,0.4412,0.4651,0.4127,0.0476,0.5397,0.4365,0.0794,0.4841,1382,126,2015-03-30,2020-09-22,2020-09-23,2021-03-24,DummyStratified,0.0199,0.0464,0.1186,0.3914,-0.06,64,0.5079,0.4841,0.4841,0.5159
7,0.0005,0.0476,0.3333,0.0159,0.3333,0.0303,0.0043,0.0,0.0,0.0,0.0476,1.0,0.0909,0.0,0.0,0.0,0.4127,0.0476,0.5397,0.0,1.0,0.0,1382,126,2015-03-30,2020-09-22,2020-09-23,2021-03-24,LogisticRegression,0.0,0.0,0.0,0.0,0.0,0,0.0,0.0,0.0,1.0
7,0.0005,0.3889,0.2915,0.2688,0.2915,0.2567,0.3548,0.3778,0.6538,0.4789,0.0,0.0,0.0,0.4286,0.2206,0.2913,0.4127,0.0476,0.5397,0.7143,0.0079,0.2778,1382,126,2015-03-30,2020-09-22,2020-09-23,2021-03-24,RandomForestClassifier,-0.0542,-0.109,0.0691,-1.5781,-0.0704,28,0.2222,0.2778,0.2778,0.7222
7,0.0005,0.4365,0.3028,0.2882,0.3028,0.2951,0.427,0.3793,0.4231,0.4,0.0,0.0,0.0,0.4853,0.4853,0.4853,0.4127,0.0476,0.5397,0.4603,0.0,0.5397,1382,126,2015-03-30,2020-09-22,2020-09-23,2021-03-24,GradientBoostingClassifier,-0.0039,-0.0021,0.1071,-0.0196,-0.0688,34,0.2698,0.5397,0.5397,0.4603
8,0.0005,0.5476,0.3333,0.1825,0.3333,0.2359,0.3875,0.0,0.0,0.0,0.0,0.0,0.0,0.5476,1.0,0.7077,0.3889,0.0635,0.5476,0.0,0.0,1.0,1508,126,2015-03-30,2021-03-24,2021-03-25,2021-09-22,DummyMostFrequent,0.144,0.275,0.1072,2.5666,-0.0401,1,0.0079,1.0,1.0,0.0
8,0.0005,0.5556,0.3934,0.3955,0.3934,0.3932,0.5605,0.5091,0.5714,0.5385,0.0,0.0,0.0,0.6774,0.6087,0.6412,0.3889,0.0635,0.5476,0.4365,0.0714,0.4921,1508,126,2015-03-30,2021-03-24,2021-03-25,2021-09-22,DummyStratified,0.1437,0.271,0.068,3.9862,-0.0184,64,0.5079,0.4921,0.4921,0.5079
8,0.0005,0.0635,0.3333,0.0212,0.3333,0.0398,0.0076,0.0,0.0,0.0,0.0635,1.0,0.1194,0.0,0.0,0.0,0.3889,0.0635,0.5476,0.0,1.0,0.0,1508,126,2015-03-30,2021-03-24,2021-03-25,2021-09-22,LogisticRegression,0.0,0.0,0.0,0.0,0.0,0,0.0,0.0,0.0,1.0
8,0.0005,0.3651,0.3919,0.3387,0.3919,0.3346,0.3386,0.3659,0.6122,0.458,0.2308,0.375,0.2857,0.4194,0.1884,0.26,0.3889,0.0635,0.5476,0.6508,0.1032,0.246,1508,126,2015-03-30,2021-03-24,2021-03-25,2021-09-22,RandomForestClassifier,-0.0452,-0.0899,0.0713,-1.2609,-0.0624,30,0.2381,0.246,0.246,0.754
8,0.0005,0.5317,0.4216,0.4299,0.4216,0.417,0.5311,0.4627,0.6327,0.5345,0.1667,0.125,0.1429,0.6604,0.5072,0.5738,0.3889,0.0635,0.5476,0.5317,0.0476,0.4206,1508,126,2015-03-30,2021-03-24,2021-03-25,2021-09-22,GradientBoostingClassifier,0.1186,0.226,0.0589,3.8398,-0.0148,49,0.3889,0.4206,0.4206,0.5794
9,0.0005,0.5,0.3333,0.1667,0.3333,0.2222,0.3333,0.0,0.0,0.0,0.0,0.0,0.0,0.5,1.0,0.6667,0.4603,0.0397,0.5,0.0,0.0,1.0,1634,126,2015-03-30,2021-09-22,2021-09-23,2022-03-23,DummyMostFrequent,0.0227,0.0612,0.1802,0.3395,-0.1287,1,0.0079,1.0,1.0,0.0
9,0.0005,0.4286,0.3571,0.337,0.3571,0.3427,0.4329,0.4,0.3793,0.3894,0.1111,0.2,0.1429,0.5,0.4921,0.496,0.4603,0.0397,0.5,0.4365,0.0714,0.4921,1634,126,2015-03-30,2021-09-22,2021-09-23,2022-03-23,DummyStratified,-0.0376,-0.0688,0.1261,-0.5455,-0.1148,64,0.5079,0.4921,0.4921,0.5079
9,0.0005,0.1825,0.3672,0.1777,0.3672,0.1532,0.1897,0.0,0.0,0.0,0.046,0.8,0.087,0.4872,0.3016,0.3725,0.4603,0.0397,0.5,0.0,0.6905,0.3095,1634,126,2015-03-30,2021-09-22,2021-09-23,2022-03-23,LogisticRegression,0.0474,0.1014,0.1331,0.7621,-0.0902,1,0.0079,0.3095,0.3095,0.6905
9,0.0005,0.4206,0.2895,0.2806,0.2895,0.2845,0.4125,0.3704,0.3448,0.3571,0.0,0.0,0.0,0.4714,0.5238,0.4962,0.4603,0.0397,0.5,0.4286,0.0159,0.5556,1634,126,2015-03-30,2021-09-22,2021-09-23,2022-03-23,RandomForestClassifier,0.0398,0.0889,0.1466,0.6062,-0.0767,45,0.3571,0.5556,0.5556,0.4444
9,0.0005,0.4762,0.3339,0.3221,0.3339,0.3206,0.4601,0.4557,0.6207,0.5255,0.0,0.0,0.0,0.5106,0.381,0.4364,0.4603,0.0397,0.5,0.627,0.0,0.373,1634,126,2015-03-30,2021-09-22,2021-09-23,2022-03-23,GradientBoostingClassifier,0.0421,0.0899,0.1214,0.7405,-0.0728,7,0.0556,0.373,0.373,0.627
10,0.0005,0.4444,0.3333,0.1481,0.3333,0.2051,0.2735,0.0,0.0,0.0,0.0,0.0,0.0,0.4444,1.0,0.6154,0.5317,0.0238,0.4444,0.0,0.0,1.0,1760,126,2015-03-30,2022-03-23,2022-03-24,2022-09-22,DummyMostFrequent,-0.1767,-0.3578,0.2478,-1.4437,-0.2056,1,0.0079,1.0,1.0,0.0
10,0.0005,0.3968,0.2712,0.2873,0.2712,0.2775,0.4086,0.4909,0.403,0.4426,0.0,0.0,0.0,0.371,0.4107,0.3898,0.5317,0.0238,0.4444,0.4365,0.0714,0.4921,1760,126,2015-03-30,2022-03-23,2022-03-24,2022-09-22,DummyStratified,-0.233,-0.5142,0.1772,-2.9022,-0.233,64,0.5079,0.4921,0.4921,0.5079
10,0.0005,0.3016,0.4365,0.1645,0.4365,0.2037,0.2372,0.0,0.0,0.0,0.0435,0.6667,0.0816,0.45,0.6429,0.5294,0.5317,0.0238,0.4444,0.0,0.3651,0.6349,1760,126,2015-03-30,2022-03-23,2022-03-24,2022-09-22,LogisticRegression,-0.1326,-0.2622,0.2096,-1.2511,-0.179,5,0.0397,0.6349,0.6349,0.3651
10,0.0005,0.5079,0.3546,0.3456,0.3546,0.3406,0.4951,0.5625,0.403,0.4696,0.0,0.0,0.0,0.4744,0.6607,0.5522,0.5317,0.0238,0.4444,0.381,0.0,0.619,1760,126,2015-03-30,2022-03-23,2022-03-24,2022-09-22,RandomForestClassifier,-0.1072,-0.2077,0.1942,-1.0695,-0.1374,41,0.3254,0.619,0.619,0.381
10,0.0005,0.4683,0.3356,0.3271,0.3356,0.2986,0.4269,0.5333,0.2388,0.3299,0.0,0.0,0.0,0.4479,0.7679,0.5658,0.5317,0.0238,0.4444,0.2381,0.0,0.7619,1760,126,2015-03-30,2022-03-23,2022-03-24,2022-09-22,GradientBoostingClassifier,-0.1932,-0.4046,0.2199,-1.8403,-0.2121,33,0.2619,0.7619,0.7619,0.2381
11,0.0005,0.4524,0.3333,0.1508,0.3333,0.2077,0.2818,0.0,0.0,0.0,0.0,0.0,0.0,0.4524,1.0,0.623,0.5238,0.0238,0.4524,0.0,0.0,1.0,1886,126,2015-03-30,2022-09-22,2022-09-23,2023-03-24,DummyMostFrequent,0.0861,0.1883,0.2153,0.8743,-0.0754,1,0.0079,1.0,1.0,0.0
11,0.0005,0.4365,0.407,0.3445,0.407,0.3558,0.4409,0.4545,0.3788,0.4132,0.1111,0.3333,0.1667,0.4677,0.5088,0.4874,0.5238,0.0238,0.4524,0.4365,0.0714,0.4921,1886,126,2015-03-30,2022-09-22,2022-09-23,2023-03-24,DummyStratified,-0.0224,-0.0365,0.133,-0.2743,-0.0823,64,0.5079,0.4921,0.4921,0.5079
11,0.0005,0.5238,0.3333,0.1746,0.3333,0.2292,0.3601,0.5238,1.0,0.6875,0.0,0.0,0.0,0.0,0.0,0.0,0.5238,0.0238,0.4524,1.0,0.0,0.0,1886,126,2015-03-30,2022-09-22,2022-09-23,2023-03-24,LogisticRegression,0.0,0.0,0.0,0.0,0.0,0,0.0,0.0,0.0,1.0
11,0.0005,0.4603,0.3089,0.3013,0.3089,0.3029,0.4488,0.4872,0.5758,0.5278,0.0,0.0,0.0,0.4167,0.3509,0.381,0.5238,0.0238,0.4524,0.619,0.0,0.381,1886,126,2015-03-30,2022-09-22,2022-09-23,2023-03-24,RandomForestClassifier,-0.0291,-0.0477,0.1511,-0.3157,-0.0922,42,0.3333,0.381,0.381,0.619
11,0.0005,0.4365,0.3113,0.2976,0.3113,0.2728,0.39,0.4643,0.197,0.2766,0.0,0.0,0.0,0.4286,0.7368,0.5419,0.5238,0.0238,0.4524,0.2222,0.0,0.7778,1886,126,2015-03-30,2022-09-22,2022-09-23,2023-03-24,GradientBoostingClassifier,-0.0397,-0.0656,0.1762,-0.3723,-0.0835,39,0.3095,0.7778,0.7778,0.2222
12,0.0005,0.4841,0.3333,0.1614,0.3333,0.2175,0.3158,0.0,0.0,0.0,0.0,0.0,0.0,0.4841,1.0,0.6524,0.4444,0.0714,0.4841,0.0,0.0,1.0,2012,126,2015-03-30,2023-03-24,2023-03-27,2023-09-25,DummyMostFrequent,0.0814,0.1632,0.1159,1.4078,-0.0664,1,0.0079,1.0,1.0,0.0
12,0.0005,0.4683,0.3667,0.3667,0.3667,0.3666,0.468,0.4727,0.4643,0.4685,0.1111,0.1111,0.1111,0.5161,0.5246,0.5203,0.4444,0.0714,0.4841,0.4365,0.0714,0.4921,2012,126,2015-03-30,2023-03-24,2023-03-27,2023-09-25,DummyStratified,0.0372,0.0761,0.0785,0.9695,-0.0523,64,0.5079,0.4921,0.4921,0.5079
12,0.0005,0.4444,0.3333,0.1481,0.3333,0.2051,0.2735,0.4444,1.0,0.6154,0.0,0.0,0.0,0.0,0.0,0.0,0.4444,0.0714,0.4841,1.0,0.0,0.0,2012,126,2015-03-30,2023-03-24,2023-03-27,2023-09-25,LogisticRegression,0.0,0.0,0.0,0.0,0.0,0,0.0,0.0,0.0,1.0
12,0.0005,0.4921,0.4166,0.4172,0.4166,0.416,0.4923,0.4839,0.5357,0.5085,0.2222,0.2222,0.2222,0.5455,0.4918,0.5172,0.4444,0.0714,0.4841,0.4921,0.0714,0.4365,2012,126,2015-03-30,2023-03-24,2023-03-27,2023-09-25,RandomForestClassifier,0.0087,0.0207,0.0833,0.2489,-0.0708,58,0.4603,0.4365,0.4365,0.5635
12,0.0005,0.5238,0.3709,0.3472,0.3709,0.3498,0.4909,0.5122,0.375,0.433,0.0,0.0,0.0,0.5294,0.7377,0.6164,0.4444,0.0714,0.4841,0.3254,0.0,0.6746,2012,126,2015-03-30,2023-03-24,2023-03-27,2023-09-25,GradientBoostingClassifier,0.0728,0.1453,0.0974,1.4914,-0.055,42,0.3333,0.6746,0.6746,0.3254
13,0.0005,0.5635,0.3333,0.1878,0.3333,0.2403,0.4062,0.0,0.0,0.0,0.0,0.0,0.0,0.5635,1.0,0.7208,0.3651,0.0714,0.5635,0.0,0.0,1.0,2138,126,2015-03-30,2023-09-25,2023-09-26,2024-03-26,DummyMostFrequent,0.2366,0.4316,0.1138,3.792,-0.0588,1,0.0079,1.0,1.0,0.0
13,0.0005,0.4524,0.351,0.3518,0.351,0.3495,0.4576,0.3636,0.4348,0.396,0.1111,0.1111,0.1111,0.5806,0.507,0.5414,0.3651,0.0714,0.5635,0.4365,0.0714,0.4921,2138,126,2015-03-30,2023-09-25,2023-09-26,2024-03-26,DummyStratified,0.0588,0.1174,0.0792,1.4822,-0.0342,64,0.5079,0.4921,0.4921,0.5079
13,0.0005,0.3651,0.3333,0.1217,0.3333,0.1783,0.1953,0.3651,1.0,0.5349,0.0,0.0,0.0,0.0,0.0,0.0,0.3651,0.0714,0.5635,1.0,0.0,0.0,2138,126,2015-03-30,2023-09-25,2023-09-26,2024-03-26,LogisticRegression,0.0,0.0,0.0,0.0,0.0,0,0.0,0.0,0.0,1.0
13,0.0005,0.254,0.2864,0.2416,0.2864,0.191,0.194,0.3373,0.6087,0.4341,0.0541,0.2222,0.087,0.3333,0.0282,0.0519,0.3651,0.0714,0.5635,0.6587,0.2937,0.0476,2138,126,2015-03-30,2023-09-25,2023-09-26,2024-03-26,RandomForestClassifier,-0.0207,-0.0413,0.0334,-1.2373,-0.0351,8,0.0635,0.0476,0.0476,0.9524
13,0.0005,0.3492,0.2704,0.2468,0.2704,0.2414,0.3299,0.3086,0.5435,0.3937,0.0,0.0,0.0,0.4318,0.2676,0.3304,0.3651,0.0714,0.5635,0.6429,0.0079,0.3492,2138,126,2015-03-30,2023-09-25,2023-09-26,2024-03-26,GradientBoostingClassifier,-0.0161,-0.0299,0.0712,-0.4201,-0.0651,20,0.1587,0.3492,0.3492,0.6508
14,0.0005,0.5794,0.3333,0.1931,0.3333,0.2446,0.4251,0.0,0.0,0.0,0.0,0.0,0.0,0.5794,1.0,0.7337,0.3651,0.0556,0.5794,0.0,0.0,1.0,2264,126,2015-03-30,2024-03-26,2024-03-27,2024-09-25,DummyMostFrequent,0.1003,0.2,0.1331,1.5024,-0.0841,1,0.0079,1.0,1.0,0.0
14,0.0005,0.4444,0.3524,0.3464,0.3524,0.3465,0.4519,0.3636,0.4348,0.396,0.1111,0.1429,0.125,0.5645,0.4795,0.5185,0.3651,0.0556,0.5794,0.4365,0.0714,0.4921,2264,126,2015-03-30,2024-03-26,2024-03-27,2024-09-25,DummyStratified,0.0261,0.0562,0.0963,0.5834,-0.043,64,0.5079,0.4921,0.4921,0.5079
14,0.0005,0.3651,0.3333,0.1217,0.3333,0.1783,0.1953,0.3651,1.0,0.5349,0.0,0.0,0.0,0.0,0.0,0.0,0.3651,0.0556,0.5794,1.0,0.0,0.0,2264,126,2015-03-30,2024-03-26,2024-03-27,2024-09-25,LogisticRegression,0.0,0.0,0.0,0.0,0.0,0,0.0,0.0,0.0,1.0
14,0.0005,0.4286,0.3513,0.3781,0.3513,0.3525,0.4295,0.3485,0.5,0.4107,0.25,0.1429,0.1818,0.5357,0.411,0.4651,0.3651,0.0556,0.5794,0.5238,0.0317,0.4444,2264,126,2015-03-30,2024-03-26,2024-03-27,2024-09-25,RandomForestClassifier,-0.028,-0.0536,0.0798,-0.6709,-0.07,39,0.3095,0.4444,0.4444,0.5556
14,0.0005,0.4206,0.3117,0.2936,0.3117,0.2896,0.4105,0.3514,0.5652,0.4333,0.0,0.0,0.0,0.5294,0.3699,0.4355,0.3651,0.0556,0.5794,0.5873,0.0079,0.4048,2264,126,2015-03-30,2024-03-26,2024-03-27,2024-09-25,GradientBoostingClassifier,0.001,0.0054,0.0816,0.0666,-0.0534,22,0.1746,0.4048,0.4048,0.5952
15,0.0005,0.5,0.3333,0.1667,0.3333,0.2222,0.3333,0.0,0.0,0.0,0.0,0.0,0.0,0.5,1.0,0.6667,0.4127,0.0873,0.5,0.0,0.0,1.0,2390,126,2015-03-30,2024-09-25,2024-09-26,2025-03-28,DummyMostFrequent,-0.0168,-0.0236,0.1434,-0.1645,-0.1004,1,0.0079,1.0,1.0,0.0
15,0.0005,0.4206,0.3073,0.3014,0.3073,0.3042,0.4171,0.4364,0.4615,0.4486,0.0,0.0,0.0,0.4677,0.4603,0.464,0.4127,0.0873,0.5,0.4365,0.0714,0.4921,2390,126,2015-03-30,2024-09-25,2024-09-26,2025-03-28,DummyStratified,-0.0384,-0.0726,0.1077,-0.6736,-0.1219,64,0.5079,0.4921,0.4921,0.5079
15,0.0005,0.4127,0.3333,0.1376,0.3333,0.1948,0.2411,0.4127,1.0,0.5843,0.0,0.0,0.0,0.0,0.0,0.0,0.4127,0.0873,0.5,1.0,0.0,0.0,2390,126,2015-03-30,2024-09-25,2024-09-26,2025-03-28,LogisticRegression,0.0,0.0,0.0,0.0,0.0,0,0.0,0.0,0.0,1.0
15,0.0005,0.4524,0.34,0.3565,0.34,0.3299,0.4183,0.375,0.2308,0.2857,0.2,0.0909,0.125,0.4944,0.6984,0.5789,0.4127,0.0873,0.5,0.254,0.0397,0.7063,2390,126,2015-03-30,2024-09-25,2024-09-26,2025-03-28,RandomForestClassifier,-0.0643,-0.1262,0.1155,-1.0929,-0.1049,32,0.254,0.7063,0.7063,0.2937
15,0.0005,0.4921,0.3627,0.3385,0.3627,0.3448,0.4736,0.4306,0.5962,0.5,0.0,0.0,0.0,0.5849,0.4921,0.5345,0.4127,0.0873,0.5,0.5714,0.0079,0.4206,2390,126,2015-03-30,2024-09-25,2024-09-26,2025-03-28,GradientBoostingClassifier,0.0341,0.0706,0.0849,0.8311,-0.0349,24,0.1905,0.4206,0.4206,0.5794
16,0.0005,0.5397,0.3333,0.1799,0.3333,0.2337,0.3783,0.0,0.0,0.0,0.0,0.0,0.0,0.5397,1.0,0.701,0.3651,0.0952,0.5397,0.0,0.0,1.0,2516,126,2015-03-30,2025-03-28,2025-03-31,2025-09-29,DummyMostFrequent,0.1971,0.3868,0.2328,1.6617,-0.1205,1,0.0079,1.0,1.0,0.0
16,0.0005,0.4365,0.3828,0.4037,0.3828,0.3899,0.4386,0.3455,0.413,0.3762,0.3333,0.25,0.2857,0.5323,0.4853,0.5077,0.3651,0.0952,0.5397,0.4365,0.0714,0.4921,2516,126,2015-03-30,2025-03-28,2025-03-31,2025-09-29,DummyStratified,0.0382,0.084,0.1336,0.6288,-0.0969,64,0.5079,0.4921,0.4921,0.5079
16,0.0005,0.3651,0.3333,0.1217,0.3333,0.1783,0.1953,0.3651,1.0,0.5349,0.0,0.0,0.0,0.0,0.0,0.0,0.3651,0.0952,0.5397,1.0,0.0,0.0,2516,126,2015-03-30,2025-03-28,2025-03-31,2025-09-29,LogisticRegression,0.0,0.0,0.0,0.0,0.0,0,0.0,0.0,0.0,1.0
16,0.0005,0.3254,0.3576,0.3335,0.3576,0.3042,0.3429,0.3462,0.3913,0.3673,0.125,0.4167,0.1923,0.5294,0.2647,0.3529,0.3651,0.0952,0.5397,0.4127,0.3175,0.2698,2516,126,2015-03-30,2025-03-28,2025-03-31,2025-09-29,RandomForestClassifier,0.0501,0.1034,0.1057,0.9782,-0.0514,28,0.2222,0.2698,0.2698,0.7302
16,0.0005,0.4603,0.3711,0.357,0.3711,0.3176,0.4219,0.3936,0.8043,0.5286,0.0,0.0,0.0,0.6774,0.3088,0.4242,0.3651,0.0952,0.5397,0.746,0.0079,0.246,2516,126,2015-03-30,2025-03-28,2025-03-31,2025-09-29,GradientBoostingClassifier,0.0557,0.1169,0.1294,0.9036,-0.1197,28,0.2222,0.246,0.246,0.754
0,0.001,0.4206,0.3333,0.1402,0.3333,0.1974,0.2491,0.0,0.0,0.0,0.0,0.0,0.0,0.4206,1.0,0.5922,0.2778,0.3016,0.4206,0.0,0.0,1.0,500,126,2015-03-30,2017-03-22,2017-03-23,2017-09-20,DummyMostFrequent,0.0756,0.1484,0.0725,2.0467,-0.0208,1,0.0079,1.0,1.0,0.0
0,0.001,0.3968,0.3918,0.4717,0.3918,0.3877,0.3933,0.3091,0.4857,0.3778,0.6923,0.2368,0.3529,0.4138,0.4528,0.4324,0.2778,0.3016,0.4206,0.4365,0.1032,0.4603,500,126,2015-03-30,2017-03-22,2017-03-23,2017-09-20,DummyStratified,-0.0221,-0.0434,0.0528,-0.8208,-0.0497,62,0.4921,0.4603,0.4603,0.5397
0,0.001,0.4206,0.3333,0.1402,0.3333,0.1974,0.2491,0.0,0.0,0.0,0.0,0.0,0.0,0.4206,1.0,0.5922,0.2778,0.3016,0.4206,0.0,0.0,1.0,500,126,2015-03-30,2017-03-22,2017-03-23,2017-09-20,LogisticRegression,0.0756,0.1484,0.0725,2.0467,-0.0208,1,0.0079,1.0,1.0,0.0
0,0.001,0.3175,0.3454,0.2485,0.3454,0.2374,0.2386,0.2871,0.8286,0.4265,0.0,0.0,0.0,0.4583,0.2075,0.2857,0.2778,0.3016,0.4206,0.8016,0.0079,0.1905,500,126,2015-03-30,2017-03-22,2017-03-23,2017-09-20,RandomForestClassifier,0.0138,0.0282,0.0367,0.7668,-0.0171,32,0.254,0.1905,0.1905,0.8095
0,0.001,0.2619,0.2949,0.2216,0.2949,0.1902,0.1837,0.2647,0.7714,0.3942,0.0,0.0,0.0,0.4,0.1132,0.1765,0.2778,0.3016,0.4206,0.8095,0.0714,0.119,500,126,2015-03-30,2017-03-22,2017-03-23,2017-09-20,GradientBoostingClassifier,0.0074,0.015,0.0242,0.6218,-0.0118,24,0.1905,0.119,0.119,0.881
1,0.001,0.5,0.3333,0.1667,0.3333,0.2222,0.3333,0.0,0.0,0.0,0.0,0.0,0.0,0.5,1.0,0.6667,0.3254,0.1746,0.5,0.0,0.0,1.0,626,126,2015-03-30,2017-09-20,2017-09-21,2018-03-22,DummyMostFrequent,0.0437,0.0948,0.1357,0.6986,-0.101,1,0.0079,1.0,1.0,0.0
1,0.001,0.3413,0.2898,0.2872,0.2898,0.2859,0.3382,0.2885,0.3659,0.3226,0.125,0.0909,0.1053,0.4483,0.4127,0.4298,0.3254,0.1746,0.5,0.4127,0.127,0.4603,626,126,2015-03-30,2017-09-20,2017-09-21,2018-03-22,DummyStratified,-0.0691,-0.1367,0.1123,-1.2176,-0.0956,60,0.4762,0.4603,0.4603,0.5397
1,0.001,0.2143,0.3543,0.3234,0.3543,0.1822,0.1404,0.2778,0.122,0.1695,0.1923,0.9091,0.3175,0.5,0.0317,0.0597,0.3254,0.1746,0.5,0.1429,0.8254,0.0317,626,126,2015-03-30,2017-09-20,2017-09-21,2018-03-22,LogisticRegression,-0.0233,-0.0454,0.0593,-0.7649,-0.0437,4,0.0317,0.0317,0.0317,0.9683
1,0.001,0.3413,0.3559,0.3451,0.3559,0.3182,0.3468,0.3182,0.1707,0.2222,0.1964,0.5,0.2821,0.5208,0.3968,0.4505,0.3254,0.1746,0.5,0.1746,0.4444,0.381,626,126,2015-03-30,2017-09-20,2017-09-21,2018-03-22,RandomForestClassifier,-0.0304,-0.054,0.1225,-0.4412,-0.0732,25,0.1984,0.381,0.381,0.619
1,0.001,0.246,0.2616,0.2572,0.2616,0.2324,0.2365,0.2537,0.4146,0.3148,0.1429,0.2273,0.1754,0.375,0.1429,0.2069,0.3254,0.1746,0.5,0.5317,0.2778,0.1905,626,126,2015-03-30,2017-09-20,2017-09-21,2018-03-22,GradientBoostingClassifier,-0.049,-0.0979,0.0704,-1.3916,-0.0589,32,0.254,0.1905,0.1905,0.8095
2,0.001,0.5079,0.3333,0.1693,0.3333,0.2246,0.3422,0.0,0.0,0.0,0.0,0.0,0.0,0.5079,1.0,0.6737,0.3571,0.1349,0.5079,0.0,0.0,1.0,752,126,2015-03-30,2018-03-22,2018-03-23,2018-09-20,DummyMostFrequent,0.1412,0.2704,0.1109,2.4382,-0.03,1,0.0079,1.0,1.0,0.0
2,0.001,0.3492,0.2932,0.2931,0.2932,0.2924,0.3501,0.3137,0.3556,0.3333,0.125,0.1176,0.1212,0.4407,0.4062,0.4228,0.3571,0.1349,0.5079,0.4048,0.127,0.4683,752,126,2015-03-30,2018-03-22,2018-03-23,2018-09-20,DummyStratified,-0.0053,-0.008,0.0724,-0.1112,-0.0389,62,0.4921,0.4683,0.4683,0.5317
2,0.001,0.1746,0.345,0.2135,0.345,0.1341,0.1132,0.0,0.0,0.0,0.1404,0.9412,0.2443,0.5,0.0938,0.1579,0.3571,0.1349,0.5079,0.0,0.9048,0.0952,752,126,2015-03-30,2018-03-22,2018-03-23,2018-09-20,LogisticRegression,0.0106,0.0222,0.0493,0.4508,-0.0223,2,0.0159,0.0952,0.0952,0.9048
2,0.001,0.4365,0.356,0.3536,0.356,0.3516,0.4325,0.3529,0.2667,0.3038,0.1364,0.1765,0.1538,0.5714,0.625,0.597,0.3571,0.1349,0.5079,0.2698,0.1746,0.5556,752,126,2015-03-30,2018-03-22,2018-03-23,2018-09-20,RandomForestClassifier,0.1035,0.202,0.1,2.0207,-0.0288,26,0.2063,0.5556,0.5556,0.4444
2,0.001,0.4444,0.3378,0.2975,0.3378,0.3154,0.4191,0.3621,0.4667,0.4078,0.0,0.0,0.0,0.5303,0.5469,0.5385,0.3571,0.1349,0.5079,0.4603,0.0159,0.5238,752,126,2015-03-30,2018-03-22,2018-03-23,2018-09-20,GradientBoostingClassifier,0.0482,0.0978,0.0864,1.1323,-0.0336,24,0.1905,0.5238,0.5238,0.4762
3,0.001,0.4444,0.3333,0.1481,0.3333,0.2051,0.2735,0.0,0.0,0.0,0.0,0.0,0.0,0.4444,1.0,0.6154,0.4127,0.1429,0.4444,0.0,0.0,1.0,878,126,2015-03-30,2018-09-20,2018-09-21,2019-03-25,DummyMostFrequent,-0.0278,-0.0378,0.193,-0.1959,-0.192,1,0.0079,1.0,1.0,0.0
3,0.001,0.381,0.3312,0.3318,0.3312,0.3312,0.3779,0.3333,0.3269,0.3301,0.1875,0.1667,0.1765,0.4746,0.5,0.487,0.4127,0.1429,0.4444,0.4048,0.127,0.4683,878,126,2015-03-30,2018-09-20,2018-09-21,2019-03-25,DummyStratified,-0.0848,-0.1699,0.1193,-1.4237,-0.1331,62,0.4921,0.4683,0.4683,0.5317
3,0.001,0.2857,0.398,0.3005,0.398,0.2761,0.2562,0.3953,0.3269,0.3579,0.2121,0.7778,0.3333,0.2941,0.0893,0.137,0.4127,0.1429,0.4444,0.3413,0.5238,0.1349,878,126,2015-03-30,2018-09-20,2018-09-21,2019-03-25,LogisticRegression,-0.0947,-0.1956,0.0808,-2.4212,-0.0947,12,0.0952,0.1349,0.1349,0.8651
3,0.001,0.3095,0.2623,0.2651,0.2623,0.2573,0.2952,0.2821,0.2115,0.2418,0.1667,0.1111,0.1333,0.3467,0.4643,0.3969,0.4127,0.1429,0.4444,0.3095,0.0952,0.5952,878,126,2015-03-30,2018-09-20,2018-09-21,2019-03-25,RandomForestClassifier,-0.1617,-0.3392,0.1639,-2.0702,-0.2128,30,0.2381,0.5952,0.5952,0.4048
3,0.001,0.4444,0.3583,0.3611,0.3583,0.3494,0.4254,0.45,0.5192,0.4821,0.1667,0.0556,0.0833,0.4667,0.5,0.4828,0.4127,0.1429,0.4444,0.4762,0.0476,0.4762,878,126,2015-03-30,2018-09-20,2018-09-21,2019-03-25,GradientBoostingClassifier,0.0165,0.0447,0.1551,0.2882,-0.1088,46,0.3651,0.4762,0.4762,0.5238
4,0.001,0.4603,0.3333,0.1534,0.3333,0.2101,0.2902,0.0,0.0,0.0,0.0,0.0,0.0,0.4603,1.0,0.6304,0.3651,0.1746,0.4603,0.0,0.0,1.0,1004,126,2015-03-30,2019-03-25,2019-03-26,2019-09-23,DummyMostFrequent,0.0619,0.1293,0.1344,0.9621,-0.0662,1,0.0079,1.0,1.0,0.0
4,0.001,0.4206,0.3658,0.3645,0.3658,0.3634,0.4135,0.4314,0.4783,0.4536,0.1875,0.1364,0.1579,0.4746,0.4828,0.4786,0.3651,0.1746,0.4603,0.4048,0.127,0.4683,1004,126,2015-03-30,2019-03-25,2019-03-26,2019-09-23,DummyStratified,0.0195,0.0429,0.0922,0.466,-0.0515,62,0.4921,0.4683,0.4683,0.5317
4,0.001,0.1746,0.3333,0.0582,0.3333,0.0991,0.0519,0.0,0.0,0.0,0.1746,1.0,0.2973,0.0,0.0,0.0,0.3651,0.1746,0.4603,0.0,1.0,0.0,1004,126,2015-03-30,2019-03-25,2019-03-26,2019-09-23,LogisticRegression,0.0,0.0,0.0,0.0,0.0,0,0.0,0.0,0.0,1.0
4,0.001,0.3095,0.3414,0.5125,0.3414,0.263,0.2526,0.3636,0.6087,0.4553,0.1739,0.3636,0.2353,1.0,0.0517,0.0984,0.3651,0.1746,0.4603,0.6111,0.3651,0.0238,1004,126,2015-03-30,2019-03-25,2019-03-26,2019-09-23,RandomForestClassifier,0.0177,0.0353,0.0178,1.9847,-0.0005,6,0.0476,0.0238,0.0238,0.9762
4,0.001,0.254,0.2925,0.3777,0.2925,0.2463,0.247,0.2807,0.3478,0.3107,0.1525,0.4091,0.2222,0.7,0.1207,0.2059,0.3651,0.1746,0.4603,0.4524,0.4683,0.0794,1004,126,2015-03-30,2019-03-25,2019-03-26,2019-09-23,GradientBoostingClassifier,0.0424,0.0839,0.0401,2.0914,-0.0087,14,0.1111,0.0794,0.0794,0.9206
5,0.001,0.5159,0.3333,0.172,0.3333,0.2269,0.3511,0.0,0.0,0.0,0.0,0.0,0.0,0.5159,1.0,0.6806,0.3889,0.0952,0.5159,0.0,0.0,1.0,1130,126,2015-03-30,2019-09-23,2019-09-24,2020-03-24,DummyMostFrequent,-0.1573,-0.2709,0.3742,-0.7239,-0.3372,1,0.0079,1.0,1.0,0.0
5,0.001,0.4286,0.3364,0.3398,0.3364,0.3371,0.4359,0.4314,0.449,0.44,0.0625,0.0833,0.0714,0.5254,0.4769,0.5,0.3889,0.0952,0.5159,0.4048,0.127,0.4683,1130,126,2015-03-30,2019-09-23,2019-09-24,2020-03-24,DummyStratified,-0.215,-0.4526,0.2448,-1.8492,-0.2812,62,0.4921,0.4683,0.4683,0.5317
5,0.001,0.1746,0.3997,0.4034,0.3997,0.1698,0.1437,0.6,0.1837,0.2812,0.1101,1.0,0.1983,0.5,0.0154,0.0299,0.3889,0.0952,0.5159,0.119,0.8651,0.0159,1130,126,2015-03-30,2019-09-23,2019-09-24,2020-03-24,LogisticRegression,0.0112,0.0248,0.0723,0.343,-0.0291,2,0.0159,0.0159,0.0159,0.9841
5,0.001,0.3016,0.3836,0.3157,0.3836,0.2932,0.3038,0.3396,0.3673,0.3529,0.1591,0.5833,0.25,0.4483,0.2,0.2766,0.3889,0.0952,0.5159,0.4206,0.3492,0.2302,1130,126,2015-03-30,2019-09-23,2019-09-24,2020-03-24,RandomForestClassifier,-0.1899,-0.3557,0.3585,-0.992,-0.282,13,0.1032,0.2302,0.2302,0.7698
5,0.001,0.3651,0.3331,0.3397,0.3331,0.2995,0.341,0.3563,0.6327,0.4559,0.1429,0.1667,0.1538,0.52,0.2,0.2889,0.3889,0.0952,0.5159,0.6905,0.1111,0.1984,1130,126,2015-03-30,2019-09-23,2019-09-24,2020-03-24,GradientBoostingClassifier,-0.1058,-0.1767,0.3034,-0.5825,-0.1835,12,0.0952,0.1984,0.1984,0.8016
6,0.001,0.5873,0.3333,0.1958,0.3333,0.2467,0.4346,0.0,0.0,0.0,0.0,0.0,0.0,0.5873,1.0,0.74,0.3651,0.0476,0.5873,0.0,0.0,1.0,1256,126,2015-03-30,2020-03-24,2020-03-25,2020-09-22,DummyMostFrequent,0.3177,0.5882,0.2678,2.1966,-0.0944,1,0.0079,1.0,1.0,0.0
6,0.001,0.4762,0.4245,0.3849,0.4245,0.3898,0.4919,0.3725,0.413,0.3918,0.1429,0.3333,0.2,0.6393,0.527,0.5778,0.3651,0.0476,0.5873,0.4048,0.1111,0.4841,1256,126,2015-03-30,2020-03-24,2020-03-25,2020-09-22,DummyStratified,0.2523,0.4613,0.1486,3.1039,-0.0479,62,0.4921,0.4841,0.4841,0.5159
6,0.001,0.2698,0.3392,0.3428,0.3392,0.2524,0.3285,0.3871,0.2609,0.3117,0.0476,0.5,0.087,0.5938,0.2568,0.3585,0.3651,0.0476,0.5873,0.246,0.5,0.254,1256,126,2015-03-30,2020-03-24,2020-03-25,2020-09-22,LogisticRegression,0.0842,0.1671,0.1045,1.5995,-0.0385,4,0.0317,0.254,0.254,0.746
6,0.001,0.4286,0.3474,0.357,0.3474,0.2898,0.39,0.4043,0.8261,0.5429,0.0,0.0,0.0,0.6667,0.2162,0.3265,0.3651,0.0476,0.5873,0.746,0.0635,0.1905,1256,126,2015-03-30,2020-03-24,2020-03-25,2020-09-22,RandomForestClassifier,0.2191,0.4121,0.1779,2.317,-0.0592,22,0.1746,0.1905,0.1905,0.8095
6,0.001,0.4841,0.4163,0.4131,0.4163,0.3812,0.4823,0.4177,0.7174,0.528,0.1111,0.1667,0.1333,0.7105,0.3649,0.4821,0.3651,0.0476,0.5873,0.627,0.0714,0.3016,1256,126,2015-03-30,2020-03-24,2020-03-25,2020-09-22,GradientBoostingClassifier,0.2153,0.4004,0.1431,2.7989,-0.0385,38,0.3016,0.3016,0.3016,0.6984
7,0.001,0.5159,0.3333,0.172,0.3333,0.2269,0.3511,0.0,0.0,0.0,0.0,0.0,0.0,0.5159,1.0,0.6806,0.3889,0.0952,0.5159,0.0,0.0,1.0,1382,126,2015-03-30,2020-09-22,2020-09-23,2021-03-24,DummyMostFrequent,0.2164,0.4047,0.159,2.5447,-0.0735,1,0.0079,1.0,1.0,0.0
7,0.001,0.4127,0.3664,0.3595,0.3664,0.3623,0.4154,0.3725,0.3878,0.38,0.2143,0.25,0.2308,0.4918,0.4615,0.4762,0.3889,0.0952,0.5159,0.4048,0.1111,0.4841,1382,126,2015-03-30,2020-09-22,2020-09-23,2021-03-24,DummyStratified,0.0333,0.0724,0.1167,0.6206,-0.0704,62,0.4921,0.4841,0.4841,0.5159
7,0.001,0.0952,0.3333,0.0317,0.3333,0.058,0.0166,0.0,0.0,0.0,0.0952,1.0,0.1739,0.0,0.0,0.0,0.3889,0.0952,0.5159,0.0,1.0,0.0,1382,126,2015-03-30,2020-09-22,2020-09-23,2021-03-24,LogisticRegression,0.0,0.0,0.0,0.0,0.0,0,0.0,0.0,0.0,1.0
7,0.001,0.4048,0.3218,0.2839,0.3218,0.2709,0.3554,0.383,0.7347,0.5035,0.0,0.0,0.0,0.4688,0.2308,0.3093,0.3889,0.0952,0.5159,0.746,0.0,0.254,1382,126,2015-03-30,2020-09-22,2020-09-23,2021-03-24,RandomForestClassifier,-0.0312,-0.0616,0.0602,-1.023,-0.0465,22,0.1746,0.254,0.254,0.746
7,0.001,0.4048,0.3101,0.2784,0.3101,0.282,0.3789,0.3671,0.5918,0.4531,0.0,0.0,0.0,0.4681,0.3385,0.3929,0.3889,0.0952,0.5159,0.627,0.0,0.373,1382,126,2015-03-30,2020-09-22,2020-09-23,2021-03-24,GradientBoostingClassifier,-0.0198,-0.036,0.0888,-0.4057,-0.0786,37,0.2937,0.373,0.373,0.627
8,0.001,0.5159,0.3333,0.172,0.3333,0.2269,0.3511,0.0,0.0,0.0,0.0,0.0,0.0,0.5159,1.0,0.6806,0.3333,0.1508,0.5159,0.0,0.0,1.0,1508,126,2015-03-30,2021-03-24,2021-03-25,2021-09-22,DummyMostFrequent,0.144,0.275,0.1072,2.5666,-0.0401,1,0.0079,1.0,1.0,0.0
8,0.001,0.4048,0.3437,0.3509,0.3437,0.3446,0.4041,0.3137,0.381,0.3441,0.2143,0.1579,0.1818,0.5246,0.4923,0.5079,0.3333,0.1508,0.5159,0.4048,0.1111,0.4841,1508,126,2015-03-30,2021-03-24,2021-03-25,2021-09-22,DummyStratified,0.0745,0.1461,0.0704,2.077,-0.024,62,0.4921,0.4841,0.4841,0.5159
8,0.001,0.1587,0.3385,0.384,0.3385,0.0981,0.0554,0.0,0.0,0.0,0.152,1.0,0.2639,1.0,0.0154,0.0303,0.3333,0.1508,0.5159,0.0,0.9921,0.0079,1508,126,2015-03-30,2021-03-24,2021-03-25,2021-09-22,LogisticRegression,0.0151,0.0302,0.022,1.3733,-0.0005,2,0.0159,0.0079,0.0079,0.9921
8,0.001,0.4286,0.3343,0.3627,0.3343,0.3253,0.4103,0.3019,0.381,0.3368,0.25,0.0526,0.087,0.5362,0.5692,0.5522,0.3333,0.1508,0.5159,0.4206,0.0317,0.5476,1508,126,2015-03-30,2021-03-24,2021-03-25,2021-09-22,RandomForestClassifier,0.04,0.0813,0.0749,1.085,-0.0353,49,0.3889,0.5476,0.5476,0.4524
8,0.001,0.4762,0.3863,0.3238,0.3863,0.343,0.4395,0.4,0.6667,0.5,0.0,0.0,0.0,0.5714,0.4923,0.5289,0.3333,0.1508,0.5159,0.5556,0.0,0.4444,1508,126,2015-03-30,2021-03-24,2021-03-25,2021-09-22,GradientBoostingClassifier,0.117,0.2233,0.0608,3.6711,-0.0146,50,0.3968,0.4444,0.4444,0.5556
9,0.001,0.4841,0.3333,0.1614,0.3333,0.2175,0.3158,0.0,0.0,0.0,0.0,0.0,0.0,0.4841,1.0,0.6524,0.4444,0.0714,0.4841,0.0,0.0,1.0,1634,126,2015-03-30,2021-09-22,2021-09-23,2022-03-23,DummyMostFrequent,0.0227,0.0612,0.1802,0.3395,-0.1287,1,0.0079,1.0,1.0,0.0
9,0.001,0.4048,0.2889,0.3012,0.2889,0.2948,0.4126,0.4118,0.375,0.3925,0.0,0.0,0.0,0.4918,0.4918,0.4918,0.4444,0.0714,0.4841,0.4048,0.1111,0.4841,1634,126,2015-03-30,2021-09-22,2021-09-23,2022-03-23,DummyStratified,-0.0484,-0.0925,0.1163,-0.7953,-0.1393,62,0.4921,0.4841,0.4841,0.5159
9,0.001,0.2143,0.4001,0.1893,0.4001,0.1816,0.1942,0.0,0.0,0.0,0.093,0.8889,0.1684,0.475,0.3115,0.3762,0.4444,0.0714,0.4841,0.0,0.6825,0.3175,1634,126,2015-03-30,2021-09-22,2021-09-23,2022-03-23,LogisticRegression,0.0422,0.0916,0.1335,0.6857,-0.0902,1,0.0079,0.3175,0.3175,0.6825
9,0.001,0.373,0.2661,0.2545,0.2661,0.2601,0.3643,0.3393,0.3393,0.3393,0.0,0.0,0.0,0.4242,0.459,0.4409,0.4444,0.0714,0.4841,0.4444,0.0317,0.5238,1634,126,2015-03-30,2021-09-22,2021-09-23,2022-03-23,RandomForestClassifier,-0.0492,-0.0906,0.1437,-0.6305,-0.1163,45,0.3571,0.5238,0.5238,0.4762
9,0.001,0.4444,0.3221,0.3096,0.3221,0.3076,0.4274,0.4177,0.5893,0.4889,0.0,0.0,0.0,0.5111,0.377,0.434,0.4444,0.0714,0.4841,0.627,0.0159,0.3571,1634,126,2015-03-30,2021-09-22,2021-09-23,2022-03-23,GradientBoostingClassifier,0.0516,0.1085,0.1254,0.8652,-0.0692,17,0.1349,0.3571,0.3571,0.6429
10,0.001,0.4444,0.3333,0.1481,0.3333,0.2051,0.2735,0.0,0.0,0.0,0.0,0.0,0.0,0.4444,1.0,0.6154,0.5,0.0556,0.4444,0.0,0.0,1.0,1760,126,2015-03-30,2022-03-23,2022-03-24,2022-09-22,DummyMostFrequent,-0.1767,-0.3578,0.2478,-1.4437,-0.2056,1,0.0079,1.0,1.0,0.0
10,0.001,0.4603,0.3254,0.3479,0.3254,0.3348,0.4754,0.5769,0.4762,0.5217,0.0,0.0,0.0,0.4667,0.5,0.4828,0.5,0.0556,0.4444,0.4127,0.1111,0.4762,1760,126,2015-03-30,2022-03-23,2022-03-24,2022-09-22,DummyStratified,-0.0387,-0.0637,0.1747,-0.3646,-0.0816,62,0.4921,0.4762,0.4762,0.5238
10,0.001,0.3571,0.3512,0.1715,0.3512,0.2246,0.2575,0.0,0.0,0.0,0.0667,0.2857,0.1081,0.4479,0.7679,0.5658,0.5,0.0556,0.4444,0.0,0.2381,0.7619,1760,126,2015-03-30,2022-03-23,2022-03-24,2022-09-22,LogisticRegression,-0.1406,-0.278,0.2224,-1.2496,-0.2056,3,0.0238,0.7619,0.7619,0.2381
10,0.001,0.4683,0.3313,0.3127,0.3313,0.3211,0.455,0.4918,0.4762,0.4839,0.0,0.0,0.0,0.4462,0.5179,0.4793,0.5,0.0556,0.4444,0.4841,0.0,0.5159,1760,126,2015-03-30,2022-03-23,2022-03-24,2022-09-22,RandomForestClassifier,-0.1584,-0.3297,0.1732,-1.9035,-0.1727,47,0.373,0.5159,0.5159,0.4841
10,0.001,0.4603,0.3386,0.3176,0.3386,0.2779,0.3839,0.5,0.1587,0.241,0.0,0.0,0.0,0.4528,0.8571,0.5926,0.5,0.0556,0.4444,0.1587,0.0,0.8413,1760,126,2015-03-30,2022-03-23,2022-03-24,2022-09-22,GradientBoostingClassifier,-0.2179,-0.463,0.2364,-1.9587,-0.2363,31,0.246,0.8413,0.8413,0.1587
11,0.001,0.4444,0.3333,0.1481,0.3333,0.2051,0.2735,0.0,0.0,0.0,0.0,0.0,0.0,0.4444,1.0,0.6154,0.5079,0.0476,0.4444,0.0,0.0,1.0,1886,126,2015-03-30,2022-09-22,2022-09-23,2023-03-24,DummyMostFrequent,0.0861,0.1883,0.2153,0.8743,-0.0754,1,0.0079,1.0,1.0,0.0
11,0.001,0.3889,0.3227,0.3116,0.3227,0.3098,0.3987,0.4808,0.3906,0.431,0.0769,0.1667,0.1053,0.377,0.4107,0.3932,0.5079,0.0476,0.4444,0.4127,0.1032,0.4841,1886,126,2015-03-30,2022-09-22,2022-09-23,2023-03-24,DummyStratified,-0.0424,-0.0771,0.1384,-0.557,-0.1108,62,0.4921,0.4841,0.4841,0.5159
11,0.001,0.4444,0.311,0.2967,0.311,0.3032,0.4345,0.4839,0.4688,0.4762,0.0,0.0,0.0,0.4062,0.4643,0.4333,0.5079,0.0476,0.4444,0.4921,0.0,0.5079,1886,126,2015-03-30,2022-09-22,2022-09-23,2023-03-24,LogisticRegression,-0.0641,-0.124,0.1295,-0.9577,-0.0759,6,0.0476,0.5079,0.5079,0.4921
11,0.001,0.4921,0.3385,0.3274,0.3385,0.3297,0.4763,0.5256,0.6406,0.5775,0.0,0.0,0.0,0.4565,0.375,0.4118,0.5079,0.0476,0.4444,0.619,0.0159,0.3651,1886,126,2015-03-30,2022-09-22,2022-09-23,2023-03-24,RandomForestClassifier,-0.0147,-0.0229,0.1157,-0.1983,-0.0845,32,0.254,0.3651,0.3651,0.6349
11,0.001,0.5238,0.3795,0.3838,0.3795,0.3383,0.4762,0.6667,0.2812,0.3956,0.0,0.0,0.0,0.4848,0.8571,0.6194,0.5079,0.0476,0.4444,0.2143,0.0,0.7857,1886,126,2015-03-30,2022-09-22,2022-09-23,2023-03-24,GradientBoostingClassifier,0.1387,0.2785,0.1939,1.4366,-0.0552,37,0.2937,0.7857,0.7857,0.2143
12,0.001,0.4524,0.3333,0.1508,0.3333,0.2077,0.2818,0.0,0.0,0.0,0.0,0.0,0.0,0.4524,1.0,0.623,0.4286,0.119,0.4524,0.0,0.0,1.0,2012,126,2015-03-30,2023-03-24,2023-03-27,2023-09-25,DummyMostFrequent,0.0814,0.1632,0.1159,1.4078,-0.0664,1,0.0079,1.0,1.0,0.0
12,0.001,0.3175,0.2394,0.2326,0.2394,0.2359,0.3125,0.3208,0.3148,0.3178,0.0,0.0,0.0,0.377,0.4035,0.3898,0.4286,0.119,0.4524,0.4206,0.0952,0.4841,2012,126,2015-03-30,2023-03-24,2023-03-27,2023-09-25,DummyStratified,-0.0495,-0.0977,0.087,-1.1222,-0.0857,64,0.5079,0.4841,0.4841,0.5159
12,0.001,0.4286,0.3333,0.1429,0.3333,0.2,0.2571,0.4286,1.0,0.6,0.0,0.0,0.0,0.0,0.0,0.0,0.4286,0.119,0.4524,1.0,0.0,0.0,2012,126,2015-03-30,2023-03-24,2023-03-27,2023-09-25,LogisticRegression,0.0,0.0,0.0,0.0,0.0,0,0.0,0.0,0.0,1.0
12,0.001,0.3651,0.2925,0.2925,0.2925,0.2925,0.3651,0.4,0.4074,0.4037,0.0667,0.0667,0.0667,0.4107,0.4035,0.4071,0.4286,0.119,0.4524,0.4365,0.119,0.4444,2012,126,2015-03-30,2023-03-24,2023-03-27,2023-09-25,RandomForestClassifier,-0.0323,-0.0627,0.0754,-0.8323,-0.0582,57,0.4524,0.4444,0.4444,0.5556
12,0.001,0.4603,0.3434,0.3007,0.3434,0.2993,0.3988,0.4333,0.2407,0.3095,0.0,0.0,0.0,0.4688,0.7895,0.5882,0.4286,0.119,0.4524,0.2381,0.0,0.7619,2012,126,2015-03-30,2023-03-24,2023-03-27,2023-09-25,GradientBoostingClassifier,0.0569,0.1162,0.1044,1.1131,-0.0634,25,0.1984,0.7619,0.7619,0.2381
13,0.001,0.5159,0.3333,0.172,0.3333,0.2269,0.3511,0.0,0.0,0.0,0.0,0.0,0.0,0.5159,1.0,0.6806,0.3333,0.1508,0.5159,0.0,0.0,1.0,2138,126,2015-03-30,2023-09-25,2023-09-26,2024-03-26,DummyMostFrequent,0.2366,0.4316,0.1138,3.792,-0.0588,1,0.0079,1.0,1.0,0.0
13,0.001,0.4286,0.3619,0.376,0.3619,0.3637,0.4269,0.3208,0.4048,0.3579,0.25,0.1579,0.1935,0.5574,0.5231,0.5397,0.3333,0.1508,0.5159,0.4206,0.0952,0.4841,2138,126,2015-03-30,2023-09-25,2023-09-26,2024-03-26,DummyStratified,0.0757,0.1484,0.0704,2.1091,-0.0321,64,0.5079,0.4841,0.4841,0.5159
13,0.001,0.3333,0.3333,0.1111,0.3333,0.1667,0.1667,0.3333,1.0,0.5,0.0,0.0,0.0,0.0,0.0,0.0,0.3333,0.1508,0.5159,1.0,0.0,0.0,2138,126,2015-03-30,2023-09-25,2023-09-26,2024-03-26,LogisticRegression,0.0,0.0,0.0,0.0,0.0,0,0.0,0.0,0.0,1.0
13,0.001,0.254,0.2603,0.249,0.2603,0.2225,0.2328,0.2763,0.5,0.3559,0.1071,0.1579,0.1277,0.3636,0.1231,0.1839,0.3333,0.1508,0.5159,0.6032,0.2222,0.1746,2138,126,2015-03-30,2023-09-25,2023-09-26,2024-03-26,RandomForestClassifier,0.0055,0.0122,0.0524,0.2337,-0.0309,22,0.1746,0.1746,0.1746,0.8254
13,0.001,0.3175,0.2878,0.3153,0.2878,0.2515,0.2872,0.2841,0.5952,0.3846,0.25,0.0526,0.087,0.4118,0.2154,0.2828,0.3333,0.1508,0.5159,0.6984,0.0317,0.2698,2138,126,2015-03-30,2023-09-25,2023-09-26,2024-03-26,GradientBoostingClassifier,-0.0115,-0.0208,0.0684,-0.3046,-0.0651,20,0.1587,0.2698,0.2698,0.7302
14,0.001,0.5238,0.3333,0.1746,0.3333,0.2292,0.3601,0.0,0.0,0.0,0.0,0.0,0.0,0.5238,1.0,0.6875,0.3651,0.1111,0.5238,0.0,0.0,1.0,2264,126,2015-03-30,2024-03-26,2024-03-27,2024-09-25,DummyMostFrequent,0.1003,0.2,0.1331,1.5024,-0.0841,1,0.0079,1.0,1.0,0.0
14,0.001,0.4365,0.3923,0.3983,0.3923,0.3944,0.4392,0.3462,0.3913,0.3673,0.3077,0.2857,0.2963,0.541,0.5,0.5197,0.3651,0.1111,0.5238,0.4127,0.1032,0.4841,2264,126,2015-03-30,2024-03-26,2024-03-27,2024-09-25,DummyStratified,-0.0003,0.003,0.0853,0.035,-0.0465,62,0.4921,0.4841,0.4841,0.5159
14,0.001,0.3651,0.3333,0.1217,0.3333,0.1783,0.1953,0.3651,1.0,0.5349,0.0,0.0,0.0,0.0,0.0,0.0,0.3651,0.1111,0.5238,1.0,0.0,0.0,2264,126,2015-03-30,2024-03-26,2024-03-27,2024-09-25,LogisticRegression,0.0,0.0,0.0,0.0,0.0,0,0.0,0.0,0.0,1.0
14,0.001,0.3889,0.3333,0.3328,0.3333,0.3267,0.3918,0.3548,0.4783,0.4074,0.1333,0.1429,0.1379,0.5102,0.3788,0.4348,0.3651,0.1111,0.5238,0.4921,0.119,0.3889,2264,126,2015-03-30,2024-03-26,2024-03-27,2024-09-25,RandomForestClassifier,-0.003,-0.003,0.078,-0.039,-0.0522,26,0.2063,0.3889,0.3889,0.6111
14,0.001,0.4048,0.3256,0.2863,0.3256,0.2862,0.3722,0.3827,0.6739,0.4882,0.0,0.0,0.0,0.4762,0.303,0.3704,0.3651,0.1111,0.5238,0.6429,0.0238,0.3333,2264,126,2015-03-30,2024-03-26,2024-03-27,2024-09-25,GradientBoostingClassifier,0.0016,0.0063,0.0793,0.0798,-0.0626,26,0.2063,0.3333,0.3333,0.6667
15,0.001,0.4762,0.3333,0.1587,0.3333,0.2151,0.3072,0.0,0.0,0.0,0.0,0.0,0.0,0.4762,1.0,0.6452,0.4048,0.119,0.4762,0.0,0.0,1.0,2390,126,2015-03-30,2024-09-25,2024-09-26,2025-03-28,DummyMostFrequent,-0.0168,-0.0236,0.1434,-0.1645,-0.1004,1,0.0079,1.0,1.0,0.0
15,0.001,0.3889,0.3085,0.3069,0.3085,0.3075,0.3861,0.3846,0.3922,0.3883,0.0769,0.0667,0.0714,0.459,0.4667,0.4628,0.4048,0.119,0.4762,0.4127,0.1032,0.4841,2390,126,2015-03-30,2024-09-25,2024-09-26,2025-03-28,DummyStratified,-0.0022,0.0005,0.0998,0.0049,-0.0549,62,0.4921,0.4841,0.4841,0.5159
15,0.001,0.4048,0.3333,0.1349,0.3333,0.1921,0.2333,0.4048,1.0,0.5763,0.0,0.0,0.0,0.0,0.0,0.0,0.4048,0.119,0.4762,1.0,0.0,0.0,2390,126,2015-03-30,2024-09-25,2024-09-26,2025-03-28,LogisticRegression,0.0,0.0,0.0,0.0,0.0,0,0.0,0.0,0.0,1.0
15,0.001,0.3095,0.251,0.2504,0.251,0.2506,0.3095,0.3396,0.3529,0.3462,0.0667,0.0667,0.0667,0.3448,0.3333,0.339,0.4048,0.119,0.4762,0.4206,0.119,0.4603,2390,126,2015-03-30,2024-09-25,2024-09-26,2025-03-28,RandomForestClassifier,-0.112,-0.2337,0.0872,-2.6808,-0.1292,46,0.3651,0.4603,0.4603,0.5397
15,0.001,0.4762,0.352,0.3116,0.352,0.3272,0.4391,0.4222,0.3725,0.3958,0.0,0.0,0.0,0.5125,0.6833,0.5857,0.4048,0.119,0.4762,0.3571,0.0079,0.6349,2390,126,2015-03-30,2024-09-25,2024-09-26,2025-03-28,GradientBoostingClassifier,-0.009,-0.011,0.1187,-0.0931,-0.0559,41,0.3254,0.6349,0.6349,0.3651
16,0.001,0.5238,0.3333,0.1746,0.3333,0.2292,0.3601,0.0,0.0,0.0,0.0,0.0,0.0,0.5238,1.0,0.6875,0.3413,0.1349,0.5238,0.0,0.0,1.0,2516,126,2015-03-30,2025-03-28,2025-03-31,2025-09-29,DummyMostFrequent,0.1971,0.3868,0.2328,1.6617,-0.1205,1,0.0079,1.0,1.0,0.0
16,0.001,0.3571,0.3061,0.3187,0.3061,0.3101,0.3596,0.25,0.3023,0.2737,0.2308,0.1765,0.2,0.4754,0.4394,0.4567,0.3413,0.1349,0.5238,0.4127,0.1032,0.4841,2516,126,2015-03-30,2025-03-28,2025-03-31,2025-09-29,DummyStratified,-0.0607,-0.1131,0.1541,-0.734,-0.1395,62,0.4921,0.4841,0.4841,0.5159
16,0.001,0.3413,0.3333,0.1138,0.3333,0.1696,0.1737,0.3413,1.0,0.5089,0.0,0.0,0.0,0.0,0.0,0.0,0.3413,0.1349,0.5238,1.0,0.0,0.0,2516,126,2015-03-30,2025-03-28,2025-03-31,2025-09-29,LogisticRegression,0.0,0.0,0.0,0.0,0.0,0,0.0,0.0,0.0,1.0
16,0.001,0.3492,0.3819,0.3708,0.3819,0.3438,0.361,0.2712,0.3721,0.3137,0.2353,0.4706,0.3137,0.6061,0.303,0.404,0.3413,0.1349,0.5238,0.4683,0.2698,0.2619,2516,126,2015-03-30,2025-03-28,2025-03-31,2025-09-29,RandomForestClassifier,-0.0514,-0.0978,0.1216,-0.8049,-0.1124,43,0.3413,0.2619,0.2619,0.7381
16,0.001,0.4286,0.3791,0.4386,0.3791,0.3318,0.3906,0.3696,0.7907,0.5037,0.3333,0.0588,0.1,0.6129,0.2879,0.3918,0.3413,0.1349,0.5238,0.7302,0.0238,0.246,2516,126,2015-03-30,2025-03-28,2025-03-31,2025-09-29,GradientBoostingClassifier,0.1101,0.2159,0.1167,1.8494,-0.0739,22,0.1746,0.246,0.246,0.754
0,0.002,0.2937,0.3333,0.0979,0.3333,0.1513,0.1333,0.0,0.0,0.0,0.0,0.0,0.0,0.2937,1.0,0.454,0.1667,0.5397,0.2937,0.0,0.0,1.0,500,126,2015-03-30,2017-03-22,2017-03-23,2017-09-20,DummyMostFrequent,0.0756,0.1484,0.0725,2.0467,-0.0208,1,0.0079,1.0,1.0,0.0
0,0.002,0.3333,0.3374,0.3571,0.3374,0.3161,0.3519,0.15,0.2857,0.1967,0.625,0.2941,0.4,0.2963,0.4324,0.3516,0.1667,0.5397,0.2937,0.3175,0.254,0.4286,500,126,2015-03-30,2017-03-22,2017-03-23,2017-09-20,DummyStratified,0.0041,0.0092,0.0454,0.2035,-0.0283,62,0.4921,0.4286,0.4286,0.5714
0,0.002,0.5397,0.3333,0.1799,0.3333,0.2337,0.3783,0.0,0.0,0.0,0.5397,1.0,0.701,0.0,0.0,0.0,0.1667,0.5397,0.2937,0.0,1.0,0.0,500,126,2015-03-30,2017-03-22,2017-03-23,2017-09-20,LogisticRegression,0.0,0.0,0.0,0.0,0.0,0,0.0,0.0,0.0,1.0
0,0.002,0.4921,0.4054,0.4302,0.4054,0.3893,0.4625,0.2593,0.3333,0.2917,0.5698,0.7206,0.6364,0.4615,0.1622,0.24,0.1667,0.5397,0.2937,0.2143,0.6825,0.1032,500,126,2015-03-30,2017-03-22,2017-03-23,2017-09-20,RandomForestClassifier,0.0154,0.0306,0.0171,1.7967,-0.0071,24,0.1905,0.1032,0.1032,0.8968
0,0.002,0.3651,0.3955,0.3798,0.3955,0.3551,0.3794,0.2115,0.5238,0.3014,0.575,0.3382,0.4259,0.3529,0.3243,0.338,0.1667,0.5397,0.2937,0.4127,0.3175,0.2698,500,126,2015-03-30,2017-03-22,2017-03-23,2017-09-20,GradientBoostingClassifier,0.0255,0.0512,0.0418,1.225,-0.019,44,0.3492,0.2698,0.2698,0.7302
1,0.002,0.3651,0.3333,0.1217,0.3333,0.1783,0.1953,0.0,0.0,0.0,0.0,0.0,0.0,0.3651,1.0,0.5349,0.2381,0.3968,0.3651,0.0,0.0,1.0,626,126,2015-03-30,2017-09-20,2017-09-21,2018-03-22,DummyMostFrequent,0.0437,0.0948,0.1357,0.6986,-0.101,1,0.0079,1.0,1.0,0.0
1,0.002,0.2619,0.2559,0.2573,0.2559,0.2525,0.2617,0.1667,0.2,0.1818,0.3143,0.22,0.2588,0.2909,0.3478,0.3168,0.2381,0.3968,0.3651,0.2857,0.2778,0.4365,626,126,2015-03-30,2017-09-20,2017-09-21,2018-03-22,DummyStratified,0.0021,0.0066,0.0699,0.095,-0.0549,59,0.4683,0.4365,0.4365,0.5635
1,0.002,0.4286,0.3834,0.4099,0.3834,0.2996,0.321,0.2778,0.1667,0.2083,0.4519,0.94,0.6104,0.5,0.0435,0.08,0.2381,0.3968,0.3651,0.1429,0.8254,0.0317,626,126,2015-03-30,2017-09-20,2017-09-21,2018-03-22,LogisticRegression,-0.0233,-0.0454,0.0593,-0.7649,-0.0437,4,0.0317,0.0317,0.0317,0.9683
1,0.002,0.4365,0.3719,0.296,0.3719,0.2888,0.3351,0.0,0.0,0.0,0.4381,0.92,0.5935,0.45,0.1957,0.2727,0.2381,0.3968,0.3651,0.0079,0.8333,0.1587,626,126,2015-03-30,2017-09-20,2017-09-21,2018-03-22,RandomForestClassifier,-0.0201,-0.0361,0.0943,-0.3823,-0.0598,9,0.0714,0.1587,0.1587,0.8413
1,0.002,0.3571,0.3595,0.3277,0.3595,0.3119,0.3176,0.25,0.4333,0.3171,0.4603,0.58,0.5133,0.2727,0.0652,0.1053,0.2381,0.3968,0.3651,0.4127,0.5,0.0873,626,126,2015-03-30,2017-09-20,2017-09-21,2018-03-22,GradientBoostingClassifier,-0.088,-0.1799,0.0913,-1.9711,-0.0986,18,0.1429,0.0873,0.0873,0.9127
2,0.002,0.4365,0.3333,0.1455,0.3333,0.2026,0.2653,0.0,0.0,0.0,0.0,0.0,0.0,0.4365,1.0,0.6077,0.3016,0.2619,0.4365,0.0,0.0,1.0,752,126,2015-03-30,2018-03-22,2018-03-23,2018-09-20,DummyMostFrequent,0.1412,0.2704,0.1109,2.4382,-0.03,1,0.0079,1.0,1.0,0.0
2,0.002,0.3571,0.3456,0.3421,0.3456,0.3425,0.3573,0.2647,0.2368,0.25,0.3,0.3636,0.3288,0.4615,0.4364,0.4486,0.3016,0.2619,0.4365,0.2698,0.3175,0.4127,752,126,2015-03-30,2018-03-22,2018-03-23,2018-09-20,DummyStratified,0.0294,0.0603,0.068,0.8865,-0.0298,60,0.4762,0.4127,0.4127,0.5873
2,0.002,0.3016,0.3596,0.2602,0.3596,0.2048,0.1922,0.0,0.0,0.0,0.2807,0.9697,0.4354,0.5,0.1091,0.1791,0.3016,0.2619,0.4365,0.0,0.9048,0.0952,752,126,2015-03-30,2018-03-22,2018-03-23,2018-09-20,LogisticRegression,0.0106,0.0222,0.0493,0.4508,-0.0223,2,0.0159,0.0952,0.0952,0.9048
2,0.002,0.3889,0.3913,0.3792,0.3913,0.3313,0.3455,0.3333,0.0526,0.0909,0.3235,0.6667,0.4356,0.4808,0.4545,0.4673,0.3016,0.2619,0.4365,0.0476,0.5397,0.4127,752,126,2015-03-30,2018-03-22,2018-03-23,2018-09-20,RandomForestClassifier,0.0742,0.1477,0.0953,1.5497,-0.0301,28,0.2222,0.4127,0.4127,0.5873
2,0.002,0.3413,0.3348,0.3249,0.3348,0.3173,0.3346,0.2174,0.1316,0.1639,0.2679,0.4545,0.3371,0.4894,0.4182,0.451,0.3016,0.2619,0.4365,0.1825,0.4444,0.373,752,126,2015-03-30,2018-03-22,2018-03-23,2018-09-20,GradientBoostingClassifier,0.0726,0.1444,0.0918,1.5729,-0.0288,30,0.2381,0.373,0.373,0.627
3,0.002,0.4048,0.3333,0.1349,0.3333,0.1921,0.2333,0.0,0.0,0.0,0.0,0.0,0.0,0.4048,1.0,0.5763,0.3333,0.2619,0.4048,0.0,0.0,1.0,878,126,2015-03-30,2018-09-20,2018-09-21,2019-03-25,DummyMostFrequent,-0.0278,-0.0378,0.193,-0.1959,-0.192,1,0.0079,1.0,1.0,0.0
3,0.002,0.3651,0.3653,0.3542,0.3653,0.3584,0.3581,0.2353,0.1905,0.2105,0.4167,0.4545,0.4348,0.4107,0.451,0.4299,0.3333,0.2619,0.4048,0.2698,0.2857,0.4444,878,126,2015-03-30,2018-09-20,2018-09-21,2019-03-25,DummyStratified,-0.1105,-0.2248,0.1355,-1.6585,-0.1488,60,0.4762,0.4444,0.4444,0.5556
3,0.002,0.3016,0.3394,0.2921,0.3394,0.2866,0.2687,0.2727,0.2143,0.24,0.3235,0.6667,0.4356,0.28,0.1373,0.1842,0.3333,0.2619,0.4048,0.2619,0.5397,0.1984,878,126,2015-03-30,2018-09-20,2018-09-21,2019-03-25,LogisticRegression,-0.1343,-0.2838,0.0956,-2.9691,-0.1343,8,0.0635,0.1984,0.1984,0.8016
3,0.002,0.3571,0.3422,0.3543,0.3422,0.3436,0.352,0.35,0.3333,0.3415,0.3478,0.2424,0.2857,0.3651,0.451,0.4035,0.3333,0.2619,0.4048,0.3175,0.1825,0.5,878,126,2015-03-30,2018-09-20,2018-09-21,2019-03-25,RandomForestClassifier,-0.0609,-0.1139,0.1539,-0.7399,-0.1595,38,0.3016,0.5,0.5,0.5
3,0.002,0.3254,0.3063,0.3145,0.3063,0.301,0.3104,0.2188,0.1667,0.1892,0.3636,0.2424,0.2909,0.3611,0.5098,0.4228,0.3333,0.2619,0.4048,0.254,0.1746,0.5714,878,126,2015-03-30,2018-09-20,2018-09-21,2019-03-25,GradientBoostingClassifier,-0.1388,-0.2855,0.1625,-1.7576,-0.2095,30,0.2381,0.5714,0.5714,0.4286
4,0.002,0.4286,0.3333,0.1429,0.3333,0.2,0.2571,0.0,0.0,0.0,0.0,0.0,0.0,0.4286,1.0,0.6,0.3095,0.2619,0.4286,0.0,0.0,1.0,1004,126,2015-03-30,2019-03-25,2019-03-26,2019-09-23,DummyMostFrequent,0.0619,0.1293,0.1344,0.9621,-0.0662,1,0.0079,1.0,1.0,0.0
4,0.002,0.3571,0.3338,0.3331,0.3338,0.3332,0.3549,0.3243,0.3077,0.3158,0.2188,0.2121,0.2154,0.4561,0.4815,0.4685,0.3095,0.2619,0.4286,0.2937,0.254,0.4524,1004,126,2015-03-30,2019-03-25,2019-03-26,2019-09-23,DummyStratified,0.0095,0.0228,0.0873,0.2613,-0.0752,62,0.4921,0.4524,0.4524,0.5476
4,0.002,0.2619,0.3333,0.0873,0.3333,0.1384,0.1087,0.0,0.0,0.0,0.2619,1.0,0.4151,0.0,0.0,0.0,0.3095,0.2619,0.4286,0.0,1.0,0.0,1004,126,2015-03-30,2019-03-25,2019-03-26,2019-09-23,LogisticRegression,0.0,0.0,0.0,0.0,0.0,0,0.0,0.0,0.0,1.0
4,0.002,0.3095,0.366,0.2079,0.366,0.2637,0.2249,0.3103,0.4615,0.3711,0.3134,0.6364,0.42,0.0,0.0,0.0,0.3095,0.2619,0.4286,0.4603,0.5317,0.0079,1004,126,2015-03-30,2019-03-25,2019-03-26,2019-09-23,RandomForestClassifier,-0.0062,-0.0125,0.0081,-1.539,-0.0005,2,0.0159,0.0079,0.0079,0.9921
4,0.002,0.3651,0.3763,0.4354,0.3763,0.3539,0.3557,0.2963,0.6154,0.4,0.36,0.2727,0.3103,0.65,0.2407,0.3514,0.3095,0.2619,0.4286,0.6429,0.1984,0.1587,1004,126,2015-03-30,2019-03-25,2019-03-26,2019-09-23,GradientBoostingClassifier,0.0567,0.1118,0.0544,2.0556,-0.0235,20,0.1587,0.1587,0.1587,0.8413
5,0.002,0.4603,0.3333,0.1534,0.3333,0.2101,0.2902,0.0,0.0,0.0,0.0,0.0,0.0,0.4603,1.0,0.6304,0.3175,0.2222,0.4603,0.0,0.0,1.0,1130,126,2015-03-30,2019-09-23,2019-09-24,2020-03-24,DummyMostFrequent,-0.1573,-0.2709,0.3742,-0.7239,-0.3372,1,0.0079,1.0,1.0,0.0
5,0.002,0.3254,0.2939,0.2991,0.2939,0.2961,0.329,0.3514,0.325,0.3377,0.125,0.1429,0.1333,0.4211,0.4138,0.4174,0.3175,0.2222,0.4603,0.2937,0.254,0.4524,1130,126,2015-03-30,2019-09-23,2019-09-24,2020-03-24,DummyStratified,-0.1897,-0.3834,0.2679,-1.4313,-0.284,62,0.4921,0.4524,0.4524,0.5476
5,0.002,0.3016,0.4141,0.4523,0.4141,0.2565,0.2101,0.6,0.225,0.3273,0.2569,1.0,0.4088,0.5,0.0172,0.0333,0.3175,0.2222,0.4603,0.119,0.8651,0.0159,1130,126,2015-03-30,2019-09-23,2019-09-24,2020-03-24,LogisticRegression,0.0112,0.0248,0.0723,0.343,-0.0291,2,0.0159,0.0159,0.0159,0.9841
5,0.002,0.3254,0.3366,0.3733,0.3366,0.3228,0.3212,0.2564,0.5,0.339,0.3636,0.2857,0.32,0.5,0.2241,0.3095,0.3175,0.2222,0.4603,0.619,0.1746,0.2063,1130,126,2015-03-30,2019-09-23,2019-09-24,2020-03-24,RandomForestClassifier,-0.1727,-0.3138,0.3581,-0.8763,-0.2834,7,0.0556,0.2063,0.2063,0.7937
5,0.002,0.3095,0.2975,0.3125,0.2975,0.2446,0.2692,0.2708,0.65,0.3824,0.1667,0.0357,0.0588,0.5,0.2069,0.2927,0.3175,0.2222,0.4603,0.7619,0.0476,0.1905,1130,126,2015-03-30,2019-09-23,2019-09-24,2020-03-24,GradientBoostingClassifier,-0.1232,-0.2121,0.3163,-0.6704,-0.2232,12,0.0952,0.1905,0.1905,0.8095
6,0.002,0.5714,0.3333,0.1905,0.3333,0.2424,0.4156,0.0,0.0,0.0,0.0,0.0,0.0,0.5714,1.0,0.7273,0.3492,0.0794,0.5714,0.0,0.0,1.0,1256,126,2015-03-30,2020-03-24,2020-03-25,2020-09-22,DummyMostFrequent,0.3177,0.5882,0.2678,2.1966,-0.0944,1,0.0079,1.0,1.0,0.0
6,0.002,0.3571,0.2952,0.3022,0.2952,0.2844,0.3853,0.2632,0.2273,0.2439,0.0645,0.2,0.0976,0.5789,0.4583,0.5116,0.3492,0.0794,0.5714,0.3016,0.246,0.4524,1256,126,2015-03-30,2020-03-24,2020-03-25,2020-09-22,DummyStratified,0.0422,0.0994,0.1822,0.5456,-0.1112,61,0.4841,0.4524,0.4524,0.5476
6,0.002,0.2698,0.3363,0.3436,0.3363,0.2622,0.3128,0.3871,0.2727,0.32,0.0769,0.5,0.1333,0.5667,0.2361,0.3333,0.3492,0.0794,0.5714,0.246,0.5159,0.2381,1256,126,2015-03-30,2020-03-24,2020-03-25,2020-09-22,LogisticRegression,0.0719,0.1442,0.103,1.3999,-0.0385,6,0.0476,0.2381,0.2381,0.7619
6,0.002,0.3095,0.383,0.3456,0.383,0.2908,0.3214,0.3704,0.4545,0.4082,0.1064,0.5,0.1754,0.56,0.1944,0.2887,0.3492,0.0794,0.5714,0.4286,0.373,0.1984,1256,126,2015-03-30,2020-03-24,2020-03-25,2020-09-22,RandomForestClassifier,0.1574,0.3104,0.1905,1.6294,-0.0592,10,0.0794,0.1984,0.1984,0.8016
6,0.002,0.373,0.3862,0.4148,0.3862,0.3225,0.3775,0.3944,0.6364,0.487,0.0882,0.3,0.1364,0.7619,0.2222,0.3441,0.3492,0.0794,0.5714,0.5635,0.2698,0.1667,1256,126,2015-03-30,2020-03-24,2020-03-25,2020-09-22,GradientBoostingClassifier,0.1677,0.3171,0.1177,2.6946,-0.0238,22,0.1746,0.1667,0.1667,0.8333
7,0.002,0.4762,0.3333,0.1587,0.3333,0.2151,0.3072,0.0,0.0,0.0,0.0,0.0,0.0,0.4762,1.0,0.6452,0.3016,0.2222,0.4762,0.0,0.0,1.0,1382,126,2015-03-30,2020-09-22,2020-09-23,2021-03-24,DummyMostFrequent,0.2164,0.4047,0.159,2.5447,-0.0735,1,0.0079,1.0,1.0,0.0
7,0.002,0.2698,0.2337,0.2383,0.2337,0.2357,0.2745,0.2105,0.2105,0.2105,0.0938,0.1071,0.1,0.4107,0.3833,0.3966,0.3016,0.2222,0.4762,0.3016,0.254,0.4444,1382,126,2015-03-30,2020-09-22,2020-09-23,2021-03-24,DummyStratified,-0.0138,-0.0222,0.1045,-0.2129,-0.0665,61,0.4841,0.4444,0.4444,0.5556
7,0.002,0.2222,0.3333,0.0741,0.3333,0.1212,0.0808,0.0,0.0,0.0,0.2222,1.0,0.3636,0.0,0.0,0.0,0.3016,0.2222,0.4762,0.0,1.0,0.0,1382,126,2015-03-30,2020-09-22,2020-09-23,2021-03-24,LogisticRegression,0.0,0.0,0.0,0.0,0.0,0,0.0,0.0,0.0,1.0
7,0.002,0.3016,0.3076,0.213,0.3076,0.2061,0.2201,0.2913,0.7895,0.4255,0.0,0.0,0.0,0.3478,0.1333,0.1928,0.3016,0.2222,0.4762,0.8175,0.0,0.1825,1382,126,2015-03-30,2020-09-22,2020-09-23,2021-03-24,RandomForestClassifier,-0.0249,-0.049,0.0529,-0.9254,-0.0337,18,0.1429,0.1825,0.1825,0.8175
7,0.002,0.3413,0.3256,0.3693,0.3256,0.2891,0.3124,0.2987,0.6053,0.4,0.4,0.0714,0.1212,0.4091,0.3,0.3462,0.3016,0.2222,0.4762,0.6111,0.0397,0.3492,1382,126,2015-03-30,2020-09-22,2020-09-23,2021-03-24,GradientBoostingClassifier,-0.0071,-0.0105,0.0876,-0.1193,-0.0704,30,0.2381,0.3492,0.3492,0.6508
8,0.002,0.4286,0.3333,0.1429,0.3333,0.2,0.2571,0.0,0.0,0.0,0.0,0.0,0.0,0.4286,1.0,0.6,0.2778,0.2937,0.4286,0.0,0.0,1.0,1508,126,2015-03-30,2021-03-24,2021-03-25,2021-09-22,DummyMostFrequent,0.144,0.275,0.1072,2.5666,-0.0401,1,0.0079,1.0,1.0,0.0
8,0.002,0.3254,0.3031,0.3004,0.3031,0.301,0.322,0.2368,0.2571,0.2466,0.2258,0.1892,0.2059,0.4386,0.463,0.4505,0.2778,0.2937,0.4286,0.3016,0.246,0.4524,1508,126,2015-03-30,2021-03-24,2021-03-25,2021-09-22,DummyStratified,0.0462,0.0929,0.0729,1.2752,-0.0319,59,0.4683,0.4524,0.4524,0.5476
8,0.002,0.2937,0.3333,0.0979,0.3333,0.1513,0.1333,0.0,0.0,0.0,0.2937,1.0,0.454,0.0,0.0,0.0,0.2778,0.2937,0.4286,0.0,1.0,0.0,1508,126,2015-03-30,2021-03-24,2021-03-25,2021-09-22,LogisticRegression,0.0,0.0,0.0,0.0,0.0,0,0.0,0.0,0.0,1.0
8,0.002,0.3492,0.334,0.3364,0.334,0.3333,0.345,0.3056,0.3143,0.3099,0.3103,0.2432,0.2727,0.3934,0.4444,0.4174,0.2778,0.2937,0.4286,0.2857,0.2302,0.4841,1508,126,2015-03-30,2021-03-24,2021-03-25,2021-09-22,RandomForestClassifier,0.0228,0.0479,0.0745,0.6427,-0.0401,47,0.373,0.4841,0.4841,0.5159
8,0.002,0.3333,0.3835,0.4933,0.3835,0.2731,0.2516,0.3048,0.9143,0.4571,0.375,0.1622,0.2264,0.8,0.0741,0.1356,0.2778,0.2937,0.4286,0.8333,0.127,0.0397,1508,126,2015-03-30,2021-03-24,2021-03-25,2021-09-22,GradientBoostingClassifier,0.0434,0.0855,0.032,2.6719,-0.0005,10,0.0794,0.0397,0.0397,0.9603
9,0.002,0.4365,0.3333,0.1455,0.3333,0.2026,0.2653,0.0,0.0,0.0,0.0,0.0,0.0,0.4365,1.0,0.6077,0.4127,0.1508,0.4365,0.0,0.0,1.0,1634,126,2015-03-30,2021-09-22,2021-09-23,2022-03-23,DummyMostFrequent,0.0227,0.0612,0.1802,0.3395,-0.1287,1,0.0079,1.0,1.0,0.0
9,0.002,0.3492,0.3185,0.3266,0.3185,0.3162,0.3593,0.4474,0.3269,0.3778,0.129,0.2105,0.16,0.4035,0.4182,0.4107,0.4127,0.1508,0.4365,0.3016,0.246,0.4524,1634,126,2015-03-30,2021-09-22,2021-09-23,2022-03-23,DummyStratified,0.0027,0.0118,0.1127,0.1047,-0.0898,59,0.4683,0.4524,0.4524,0.5476
9,0.002,0.2698,0.4013,0.2135,0.4013,0.2278,0.2075,0.0,0.0,0.0,0.1932,0.8947,0.3178,0.4474,0.3091,0.3656,0.4127,0.1508,0.4365,0.0,0.6984,0.3016,1634,126,2015-03-30,2021-09-22,2021-09-23,2022-03-23,LogisticRegression,0.022,0.0518,0.1286,0.4027,-0.0902,1,0.0079,0.3016,0.3016,0.6984
9,0.002,0.4286,0.3823,0.3827,0.3823,0.3821,0.4271,0.4643,0.5,0.4815,0.2222,0.2105,0.2162,0.4615,0.4364,0.4486,0.4127,0.1508,0.4365,0.4444,0.1429,0.4127,1634,126,2015-03-30,2021-09-22,2021-09-23,2022-03-23,RandomForestClassifier,0.0345,0.0745,0.1162,0.6417,-0.0675,51,0.4048,0.4127,0.4127,0.5873
9,0.002,0.381,0.323,0.3299,0.323,0.3196,0.3701,0.3824,0.5,0.4333,0.1818,0.1053,0.1333,0.4255,0.3636,0.3922,0.4127,0.1508,0.4365,0.5397,0.0873,0.373,1634,126,2015-03-30,2021-09-22,2021-09-23,2022-03-23,GradientBoostingClassifier,0.0466,0.0998,0.1316,0.7582,-0.0745,13,0.1032,0.373,0.373,0.627
10,0.002,0.4206,0.3333,0.1402,0.3333,0.1974,0.2491,0.0,0.0,0.0,0.0,0.0,0.0,0.4206,1.0,0.5922,0.4683,0.1111,0.4206,0.0,0.0,1.0,1760,126,2015-03-30,2022-03-23,2022-03-24,2022-09-22,DummyMostFrequent,-0.1767,-0.3578,0.2478,-1.4437,-0.2056,1,0.0079,1.0,1.0,0.0
10,0.002,0.4127,0.4012,0.39,0.4012,0.376,0.4263,0.5526,0.3559,0.433,0.1613,0.3571,0.2222,0.4561,0.4906,0.4727,0.4683,0.1111,0.4206,0.3016,0.246,0.4524,1760,126,2015-03-30,2022-03-23,2022-03-24,2022-09-22,DummyStratified,-0.018,-0.0226,0.1651,-0.1369,-0.0851,59,0.4683,0.4524,0.4524,0.5476
10,0.002,0.2302,0.3194,0.3291,0.3194,0.2263,0.2396,0.4167,0.0847,0.1408,0.1,0.5714,0.1702,0.4706,0.3019,0.3678,0.4683,0.1111,0.4206,0.0952,0.6349,0.2698,1760,126,2015-03-30,2022-03-23,2022-03-24,2022-09-22,LogisticRegression,-0.0148,-0.0212,0.1314,-0.1613,-0.0989,8,0.0635,0.2698,0.2698,0.7302
10,0.002,0.3889,0.2935,0.2591,0.2935,0.2745,0.3648,0.3833,0.3898,0.3866,0.0,0.0,0.0,0.3939,0.4906,0.437,0.4683,0.1111,0.4206,0.4762,0.0,0.5238,1760,126,2015-03-30,2022-03-23,2022-03-24,2022-09-22,RandomForestClassifier,-0.1897,-0.406,0.1691,-2.4016,-0.1985,37,0.2937,0.5238,0.5238,0.4762
10,0.002,0.4444,0.3477,0.304,0.3477,0.2635,0.3415,0.4667,0.1186,0.1892,0.0,0.0,0.0,0.4455,0.9245,0.6012,0.4683,0.1111,0.4206,0.119,0.0079,0.873,1760,126,2015-03-30,2022-03-23,2022-03-24,2022-09-22,GradientBoostingClassifier,-0.1616,-0.3227,0.2429,-1.3282,-0.2125,21,0.1667,0.873,0.873,0.127
11,0.002,0.4206,0.3333,0.1402,0.3333,0.1974,0.2491,0.0,0.0,0.0,0.0,0.0,0.0,0.4206,1.0,0.5922,0.4524,0.127,0.4206,0.0,0.0,1.0,1886,126,2015-03-30,2022-09-22,2022-09-23,2023-03-24,DummyMostFrequent,0.0861,0.1883,0.2153,0.8743,-0.0754,1,0.0079,1.0,1.0,0.0
11,0.002,0.3571,0.3028,0.3266,0.3028,0.3073,0.3754,0.525,0.3684,0.433,0.069,0.125,0.0889,0.386,0.4151,0.4,0.4524,0.127,0.4206,0.3175,0.2302,0.4524,1886,126,2015-03-30,2022-09-22,2022-09-23,2023-03-24,DummyStratified,-0.038,-0.0679,0.1379,-0.4927,-0.0751,56,0.4444,0.4524,0.4524,0.5476
11,0.002,0.4524,0.3333,0.1508,0.3333,0.2077,0.2818,0.4524,1.0,0.623,0.0,0.0,0.0,0.0,0.0,0.0,0.4524,0.127,0.4206,1.0,0.0,0.0,1886,126,2015-03-30,2022-09-22,2022-09-23,2023-03-24,LogisticRegression,0.0,0.0,0.0,0.0,0.0,0,0.0,0.0,0.0,1.0
11,0.002,0.4762,0.3601,0.3181,0.3601,0.3326,0.4378,0.4875,0.6842,0.5693,0.0,0.0,0.0,0.4667,0.3962,0.4286,0.4524,0.127,0.4206,0.6349,0.0079,0.3571,1886,126,2015-03-30,2022-09-22,2022-09-23,2023-03-24,RandomForestClassifier,0.0368,0.0793,0.1183,0.6707,-0.066,41,0.3254,0.3571,0.3571,0.6429
11,0.002,0.4127,0.3231,0.2696,0.3231,0.2588,0.3337,0.3913,0.1579,0.225,0.0,0.0,0.0,0.4175,0.8113,0.5513,0.4524,0.127,0.4206,0.1825,0.0,0.8175,1886,126,2015-03-30,2022-09-22,2022-09-23,2023-03-24,GradientBoostingClassifier,0.0333,0.0842,0.1938,0.4346,-0.0715,35,0.2778,0.8175,0.8175,0.1825
12,0.002,0.381,0.3333,0.127,0.3333,0.1839,0.2102,0.0,0.0,0.0,0.0,0.0,0.0,0.381,1.0,0.5517,0.373,0.246,0.381,0.0,0.0,1.0,2012,126,2015-03-30,2023-03-24,2023-03-27,2023-09-25,DummyMostFrequent,0.0814,0.1632,0.1159,1.4078,-0.0664,1,0.0079,1.0,1.0,0.0
12,0.002,0.2698,0.2531,0.2521,0.2531,0.2515,0.2678,0.3,0.2553,0.2759,0.129,0.129,0.129,0.3273,0.375,0.3495,0.373,0.246,0.381,0.3175,0.246,0.4365,2012,126,2015-03-30,2023-03-24,2023-03-27,2023-09-25,DummyStratified,0.0067,0.0165,0.0796,0.2069,-0.0559,58,0.4603,0.4365,0.4365,0.5635
12,0.002,0.373,0.3333,0.1243,0.3333,0.1811,0.2027,0.373,1.0,0.5434,0.0,0.0,0.0,0.0,0.0,0.0,0.373,0.246,0.381,1.0,0.0,0.0,2012,126,2015-03-30,2023-03-24,2023-03-27,2023-09-25,LogisticRegression,0.0,0.0,0.0,0.0,0.0,0,0.0,0.0,0.0,1.0
12,0.002,0.4524,0.4486,0.4468,0.4486,0.4475,0.4529,0.4681,0.4681,0.4681,0.3939,0.4194,0.4062,0.4783,0.4583,0.4681,0.373,0.246,0.381,0.373,0.2619,0.3651,2012,126,2015-03-30,2023-03-24,2023-03-27,2023-09-25,RandomForestClassifier,0.0255,0.0537,0.0816,0.6578,-0.0426,49,0.3889,0.3651,0.3651,0.6349
12,0.002,0.4365,0.3956,0.4281,0.3956,0.3622,0.3901,0.4839,0.3191,0.3846,0.375,0.0968,0.1538,0.4253,0.7708,0.5481,0.373,0.246,0.381,0.246,0.0635,0.6905,2012,126,2015-03-30,2023-03-24,2023-03-27,2023-09-25,GradientBoostingClassifier,0.0886,0.1748,0.1009,1.7334,-0.0287,36,0.2857,0.6905,0.6905,0.3095
13,0.002,0.4683,0.3333,0.1561,0.3333,0.2126,0.2987,0.0,0.0,0.0,0.0,0.0,0.0,0.4683,1.0,0.6378,0.246,0.2857,0.4683,0.0,0.0,1.0,2138,126,2015-03-30,2023-09-25,2023-09-26,2024-03-26,DummyMostFrequent,0.2366,0.4316,0.1138,3.792,-0.0588,1,0.0079,1.0,1.0,0.0
13,0.002,0.381,0.3568,0.363,0.3568,0.3577,0.3862,0.225,0.2903,0.2535,0.3548,0.3056,0.3284,0.5091,0.4746,0.4912,0.246,0.2857,0.4683,0.3175,0.246,0.4365,2138,126,2015-03-30,2023-09-25,2023-09-26,2024-03-26,DummyStratified,0.0652,0.1296,0.0803,1.6139,-0.0486,58,0.4603,0.4365,0.4365,0.5635
13,0.002,0.246,0.3333,0.082,0.3333,0.1316,0.0972,0.246,1.0,0.3949,0.0,0.0,0.0,0.0,0.0,0.0,0.246,0.2857,0.4683,1.0,0.0,0.0,2138,126,2015-03-30,2023-09-25,2023-09-26,2024-03-26,LogisticRegression,0.0,0.0,0.0,0.0,0.0,0,0.0,0.0,0.0,1.0
13,0.002,0.3175,0.3762,0.389,0.3762,0.3041,0.2742,0.2462,0.5161,0.3333,0.3654,0.5278,0.4318,0.5556,0.0847,0.1471,0.246,0.2857,0.4683,0.5159,0.4127,0.0714,2138,126,2015-03-30,2023-09-25,2023-09-26,2024-03-26,RandomForestClassifier,0.0191,0.0385,0.0365,1.0558,-0.011,8,0.0635,0.0714,0.0714,0.9286
13,0.002,0.2857,0.3076,0.3823,0.3076,0.2471,0.2572,0.2184,0.6129,0.322,0.5,0.0556,0.1,0.4286,0.2542,0.3191,0.246,0.2857,0.4683,0.6905,0.0317,0.2778,2138,126,2015-03-30,2023-09-25,2023-09-26,2024-03-26,GradientBoostingClassifier,-0.0005,0.0012,0.0668,0.0172,-0.0581,18,0.1429,0.2778,0.2778,0.7222
14,0.002,0.4286,0.3333,0.1429,0.3333,0.2,0.2571,0.0,0.0,0.0,0.0,0.0,0.0,0.4286,1.0,0.6,0.3095,0.2619,0.4286,0.0,0.0,1.0,2264,126,2015-03-30,2024-03-26,2024-03-27,2024-09-25,DummyMostFrequent,0.1003,0.2,0.1331,1.5024,-0.0841,1,0.0079,1.0,1.0,0.0
14,0.002,0.3492,0.3394,0.3409,0.3394,0.34,0.3489,0.3,0.3077,0.3038,0.3226,0.303,0.3125,0.4,0.4074,0.4037,0.3095,0.2619,0.4286,0.3175,0.246,0.4365,2264,126,2015-03-30,2024-03-26,2024-03-27,2024-09-25,DummyStratified,-0.0564,-0.111,0.1011,-1.0981,-0.1078,58,0.4603,0.4365,0.4365,0.5635
14,0.002,0.2619,0.3333,0.0873,0.3333,0.1384,0.1087,0.0,0.0,0.0,0.2619,1.0,0.4151,0.0,0.0,0.0,0.3095,0.2619,0.4286,0.0,1.0,0.0,2264,126,2015-03-30,2024-03-26,2024-03-27,2024-09-25,LogisticRegression,0.0,0.0,0.0,0.0,0.0,0,0.0,0.0,0.0,1.0
14,0.002,0.3413,0.3773,0.3285,0.3773,0.3401,0.3163,0.4043,0.4872,0.4419,0.34,0.5152,0.4096,0.2414,0.1296,0.1687,0.3095,0.2619,0.4286,0.373,0.3968,0.2302,2264,126,2015-03-30,2024-03-26,2024-03-27,2024-09-25,RandomForestClassifier,-0.0661,-0.1352,0.0574,-2.3561,-0.075,22,0.1746,0.2302,0.2302,0.7698
14,0.002,0.3413,0.3223,0.3311,0.3223,0.3016,0.3193,0.3115,0.4872,0.38,0.3,0.0909,0.1395,0.3818,0.3889,0.3853,0.3095,0.2619,0.4286,0.4841,0.0794,0.4365,2264,126,2015-03-30,2024-03-26,2024-03-27,2024-09-25,GradientBoostingClassifier,0.0178,0.0382,0.0771,0.4954,-0.0534,22,0.1746,0.4365,0.4365,0.5635
15,0.002,0.4286,0.3333,0.1429,0.3333,0.2,0.2571,0.0,0.0,0.0,0.0,0.0,0.0,0.4286,1.0,0.6,0.3571,0.2143,0.4286,0.0,0.0,1.0,2390,126,2015-03-30,2024-09-25,2024-09-26,2025-03-28,DummyMostFrequent,-0.0168,-0.0236,0.1434,-0.1645,-0.1004,1,0.0079,1.0,1.0,0.0
15,0.002,0.3413,0.3222,0.3185,0.3222,0.3196,0.3408,0.275,0.2444,0.2588,0.2258,0.2593,0.2414,0.4545,0.463,0.4587,0.3571,0.2143,0.4286,0.3175,0.246,0.4365,2390,126,2015-03-30,2024-09-25,2024-09-26,2025-03-28,DummyStratified,-0.0078,-0.0114,0.0938,-0.1211,-0.0504,58,0.4603,0.4365,0.4365,0.5635
15,0.002,0.2143,0.3333,0.0714,0.3333,0.1176,0.0756,0.0,0.0,0.0,0.2143,1.0,0.3529,0.0,0.0,0.0,0.3571,0.2143,0.4286,0.0,1.0,0.0,2390,126,2015-03-30,2024-09-25,2024-09-26,2025-03-28,LogisticRegression,0.0,0.0,0.0,0.0,0.0,0,0.0,0.0,0.0,1.0
15,0.002,0.2937,0.3247,0.2895,0.3247,0.2894,0.2744,0.3158,0.4,0.3529,0.2727,0.4444,0.338,0.28,0.1296,0.1772,0.3571,0.2143,0.4286,0.4524,0.3492,0.1984,2390,126,2015-03-30,2024-09-25,2024-09-26,2025-03-28,RandomForestClassifier,-0.0752,-0.1546,0.057,-2.7121,-0.0765,34,0.2698,0.1984,0.1984,0.8016
15,0.002,0.4127,0.342,0.328,0.342,0.2994,0.3464,0.3043,0.1556,0.2059,0.2222,0.0741,0.1111,0.4574,0.7963,0.5811,0.3571,0.2143,0.4286,0.1825,0.0714,0.746,2390,126,2015-03-30,2024-09-25,2024-09-26,2025-03-28,GradientBoostingClassifier,-0.0248,-0.0417,0.1297,-0.3217,-0.1004,27,0.2143,0.746,0.746,0.254
16,0.002,0.4841,0.3333,0.1614,0.3333,0.2175,0.3158,0.0,0.0,0.0,0.0,0.0,0.0,0.4841,1.0,0.6524,0.2857,0.2302,0.4841,0.0,0.0,1.0,2516,126,2015-03-30,2025-03-28,2025-03-31,2025-09-29,DummyMostFrequent,0.1971,0.3868,0.2328,1.6617,-0.1205,1,0.0079,1.0,1.0,0.0
16,0.002,0.3254,0.3026,0.3042,0.3026,0.3027,0.3302,0.2,0.2222,0.2105,0.2581,0.2759,0.2667,0.4545,0.4098,0.431,0.2857,0.2302,0.4841,0.3175,0.246,0.4365,2516,126,2015-03-30,2025-03-28,2025-03-31,2025-09-29,DummyStratified,-0.0363,-0.0626,0.1494,-0.4189,-0.125,58,0.4603,0.4365,0.4365,0.5635
16,0.002,0.2619,0.3167,0.1631,0.3167,0.1984,0.1594,0.2718,0.7778,0.4029,0.2174,0.1724,0.1923,0.0,0.0,0.0,0.2857,0.2302,0.4841,0.8175,0.1825,0.0,2516,126,2015-03-30,2025-03-28,2025-03-31,2025-09-29,LogisticRegression,0.0,0.0,0.0,0.0,0.0,0,0.0,0.0,0.0,1.0
16,0.002,0.2778,0.3281,0.3171,0.3281,0.2719,0.2465,0.25,0.4722,0.3269,0.2727,0.4138,0.3288,0.4286,0.0984,0.16,0.2857,0.2302,0.4841,0.5397,0.3492,0.1111,2516,126,2015-03-30,2025-03-28,2025-03-31,2025-09-29,RandomForestClassifier,0.0135,0.0444,0.1906,0.2332,-0.1074,14,0.1111,0.1111,0.1111,0.8889
16,0.002,0.381,0.4003,0.4375,0.4003,0.3349,0.3392,0.3297,0.8333,0.4724,0.4444,0.1379,0.2105,0.5385,0.2295,0.3218,0.2857,0.2302,0.4841,0.7222,0.0714,0.2063,2516,126,2015-03-30,2025-03-28,2025-03-31,2025-09-29,GradientBoostingClassifier,0.168,0.3259,0.1776,1.8346,-0.0668,18,0.1429,0.2063,0.2063,0.7937
